source,target,rel
56,0,targets
56,2,targets
56,25,requires
56,41,hasType
56,53,hasIntensity
56,41,supportsGoal
57,0,targets
57,2,targets
57,25,requires
57,41,hasType
57,53,hasIntensity
57,41,supportsGoal
58,0,targets
58,2,targets
58,25,requires
58,41,hasType
58,53,hasIntensity
58,41,supportsGoal
59,0,targets
59,2,targets
59,25,requires
59,41,hasType
59,53,hasIntensity
59,41,supportsGoal
60,0,targets
60,2,targets
60,1,targets
60,40,requires
60,41,hasType
60,51,hasIntensity
60,41,supportsGoal
61,0,targets
61,2,targets
61,40,requires
61,41,hasType
61,52,hasIntensity
61,41,supportsGoal
62,0,targets
62,2,targets
62,40,requires
62,41,hasType
62,52,hasIntensity
62,41,supportsGoal
63,0,targets
63,2,targets
63,33,requires
63,41,hasType
63,52,hasIntensity
63,41,supportsGoal
64,0,targets
64,2,targets
64,25,requires
64,41,hasType
64,53,hasIntensity
64,41,supportsGoal
65,1,targets
65,2,targets
65,25,requires
65,41,hasType
65,53,hasIntensity
65,41,supportsGoal
66,0,targets
66,2,targets
66,25,requires
66,41,hasType
66,53,hasIntensity
66,41,supportsGoal
67,0,targets
67,2,targets
67,25,requires
67,41,hasType
67,53,hasIntensity
67,41,supportsGoal
68,1,targets
68,2,targets
68,8,targets
68,25,requires
68,41,hasType
68,53,hasIntensity
68,41,supportsGoal
69,2,targets
69,40,requires
69,41,hasType
69,52,hasIntensity
69,41,supportsGoal
70,2,targets
70,1,targets
70,40,requires
70,41,hasType
70,52,hasIntensity
70,41,supportsGoal
71,0,targets
71,2,targets
71,40,requires
71,41,hasType
71,52,hasIntensity
71,42,supportsGoal
72,13,targets
72,40,requires
72,41,hasType
72,52,hasIntensity
72,42,supportsGoal
73,16,targets
73,40,requires
73,41,hasType
73,52,hasIntensity
73,41,supportsGoal
74,0,targets
74,2,targets
74,25,requires
74,41,hasType
74,53,hasIntensity
74,41,supportsGoal
75,16,targets
75,40,requires
75,45,hasType
75,53,hasIntensity
75,54,supportsGoal
76,5,targets
76,14,targets
76,10,targets
76,25,requires
76,41,hasType
76,52,hasIntensity
76,41,supportsGoal
77,5,targets
77,14,targets
77,26,requires
77,41,hasType
77,52,hasIntensity
77,41,supportsGoal
78,5,targets
78,10,targets
78,25,requires
78,41,hasType
78,52,hasIntensity
78,41,supportsGoal
79,0,targets
79,2,targets
79,25,requires
79,41,hasType
79,52,hasIntensity
79,41,supportsGoal
80,5,targets
80,14,targets
80,10,targets
80,40,requires
80,41,hasType
80,52,hasIntensity
80,41,supportsGoal
81,14,targets
81,40,requires
81,41,hasType
81,52,hasIntensity
81,41,supportsGoal
82,5,targets
82,26,requires
82,41,hasType
82,52,hasIntensity
82,42,supportsGoal
83,5,targets
83,28,requires
83,48,hasType
83,52,hasIntensity
83,42,supportsGoal
84,5,targets
84,40,requires
84,41,hasType
84,52,hasIntensity
84,41,supportsGoal
85,0,targets
85,2,targets
85,25,requires
85,41,hasType
85,52,hasIntensity
85,41,supportsGoal
86,0,targets
86,2,targets
86,25,requires
86,41,hasType
86,52,hasIntensity
86,41,supportsGoal
87,0,targets
87,2,targets
87,25,requires
87,41,hasType
87,52,hasIntensity
87,41,supportsGoal
88,5,targets
88,40,requires
88,41,hasType
88,52,hasIntensity
88,41,supportsGoal
89,0,targets
89,2,targets
89,25,requires
89,41,hasType
89,52,hasIntensity
89,41,supportsGoal
90,5,targets
90,40,requires
90,41,hasType
90,52,hasIntensity
90,41,supportsGoal
91,7,targets
91,6,targets
91,13,targets
91,34,requires
91,41,hasType
91,52,hasIntensity
91,41,supportsGoal
92,7,targets
92,6,targets
92,34,requires
92,41,hasType
92,52,hasIntensity
92,41,supportsGoal
93,7,targets
93,28,requires
93,41,hasType
93,52,hasIntensity
93,41,supportsGoal
94,7,targets
94,6,targets
94,28,requires
94,45,hasType
94,52,hasIntensity
94,54,supportsGoal
95,7,targets
95,6,targets
95,28,requires
95,45,hasType
95,52,hasIntensity
95,54,supportsGoal
96,7,targets
96,6,targets
96,26,requires
96,45,hasType
96,52,hasIntensity
96,54,supportsGoal
97,7,targets
97,6,targets
97,28,requires
97,45,hasType
97,52,hasIntensity
97,54,supportsGoal
98,7,targets
98,6,targets
98,28,requires
98,45,hasType
98,52,hasIntensity
98,54,supportsGoal
99,7,targets
99,6,targets
99,28,requires
99,45,hasType
99,52,hasIntensity
99,54,supportsGoal
100,7,targets
100,6,targets
100,40,requires
100,41,hasType
100,52,hasIntensity
100,41,supportsGoal
101,7,targets
101,6,targets
101,40,requires
101,41,hasType
101,52,hasIntensity
101,41,supportsGoal
102,16,targets
102,40,requires
102,41,hasType
102,52,hasIntensity
102,41,supportsGoal
103,16,targets
103,40,requires
103,41,hasType
103,52,hasIntensity
103,42,supportsGoal
104,7,targets
104,6,targets
104,28,requires
104,41,hasType
104,52,hasIntensity
104,41,supportsGoal
105,7,targets
105,6,targets
105,28,requires
105,45,hasType
105,52,hasIntensity
105,54,supportsGoal
106,10,targets
106,11,targets
106,14,targets
106,25,requires
106,41,hasType
106,52,hasIntensity
106,41,supportsGoal
107,0,targets
107,2,targets
107,25,requires
107,41,hasType
107,52,hasIntensity
107,41,supportsGoal
108,0,targets
108,2,targets
108,25,requires
108,41,hasType
108,52,hasIntensity
108,41,supportsGoal
109,0,targets
109,2,targets
109,25,requires
109,41,hasType
109,52,hasIntensity
109,41,supportsGoal
110,11,targets
110,40,requires
110,41,hasType
110,52,hasIntensity
110,41,supportsGoal
111,16,targets
111,40,requires
111,41,hasType
111,52,hasIntensity
111,41,supportsGoal
112,12,targets
112,40,requires
112,41,hasType
112,52,hasIntensity
112,42,supportsGoal
113,7,targets
113,6,targets
113,28,requires
113,45,hasType
113,52,hasIntensity
113,54,supportsGoal
114,7,targets
114,6,targets
114,28,requires
114,45,hasType
114,52,hasIntensity
114,54,supportsGoal
115,0,targets
115,2,targets
115,25,requires
115,41,hasType
115,52,hasIntensity
115,41,supportsGoal
116,0,targets
116,2,targets
116,25,requires
116,41,hasType
116,52,hasIntensity
116,41,supportsGoal
117,0,targets
117,2,targets
117,25,requires
117,41,hasType
117,52,hasIntensity
117,41,supportsGoal
118,0,targets
118,2,targets
118,25,requires
118,41,hasType
118,52,hasIntensity
118,41,supportsGoal
119,13,targets
119,25,requires
119,41,hasType
119,52,hasIntensity
119,42,supportsGoal
120,13,targets
120,26,requires
120,41,hasType
120,52,hasIntensity
120,42,supportsGoal
121,13,targets
121,40,requires
121,41,hasType
121,52,hasIntensity
121,42,supportsGoal
122,13,targets
122,40,requires
122,41,hasType
122,52,hasIntensity
122,42,supportsGoal
123,13,targets
123,40,requires
123,41,hasType
123,52,hasIntensity
123,42,supportsGoal
124,13,targets
124,28,requires
124,41,hasType
124,52,hasIntensity
124,42,supportsGoal
125,14,targets
125,40,requires
125,41,hasType
125,52,hasIntensity
125,41,supportsGoal
126,10,targets
126,11,targets
126,40,requires
126,41,hasType
126,52,hasIntensity
126,42,supportsGoal
127,14,targets
127,40,requires
127,41,hasType
127,52,hasIntensity
127,41,supportsGoal
128,0,targets
128,2,targets
128,25,requires
128,41,hasType
128,52,hasIntensity
128,41,supportsGoal
129,5,targets
129,40,requires
129,41,hasType
129,52,hasIntensity
129,41,supportsGoal
130,5,targets
130,25,requires
130,41,hasType
130,52,hasIntensity
130,41,supportsGoal
131,16,targets
131,40,requires
131,48,hasType
131,51,hasIntensity
131,46,supportsGoal
132,16,targets
132,40,requires
132,48,hasType
132,51,hasIntensity
132,46,supportsGoal
133,16,targets
133,40,requires
133,48,hasType
133,52,hasIntensity
133,41,supportsGoal
134,16,targets
134,40,requires
134,41,hasType
134,52,hasIntensity
134,41,supportsGoal
135,17,targets
135,40,requires
135,41,hasType
135,52,hasIntensity
135,41,supportsGoal
136,0,targets
136,2,targets
136,40,requires
136,48,hasType
136,52,hasIntensity
136,41,supportsGoal
137,16,targets
137,28,requires
137,48,hasType
137,52,hasIntensity
137,41,supportsGoal
138,16,targets
138,40,requires
138,48,hasType
138,52,hasIntensity
138,41,supportsGoal
139,0,targets
139,2,targets
139,25,requires
139,41,hasType
139,52,hasIntensity
139,41,supportsGoal
139,46,supportsGoal
140,16,targets
140,40,requires
140,46,hasType
140,52,hasIntensity
140,41,supportsGoal
141,7,targets
141,6,targets
141,40,requires
141,41,hasType
141,52,hasIntensity
141,42,supportsGoal
142,16,targets
142,40,requires
142,41,hasType
142,52,hasIntensity
142,41,supportsGoal
143,16,targets
143,40,requires
143,41,hasType
143,52,hasIntensity
143,41,supportsGoal
144,16,targets
144,40,requires
144,41,hasType
144,52,hasIntensity
144,41,supportsGoal
145,0,targets
145,3,targets
145,39,requires
145,45,hasType
145,52,hasIntensity
145,54,supportsGoal
146,16,targets
146,40,requires
146,45,hasType
146,52,hasIntensity
146,54,supportsGoal
147,0,targets
147,3,targets
147,147,requires
147,41,hasType
147,52,hasIntensity
147,41,supportsGoal
148,7,targets
148,6,targets
148,38,requires
148,45,hasType
148,52,hasIntensity
148,54,supportsGoal
149,16,targets
149,40,requires
149,45,hasType
149,52,hasIntensity
149,54,supportsGoal
150,16,targets
150,40,requires
150,45,hasType
150,53,hasIntensity
150,54,supportsGoal
151,16,targets
151,40,requires
151,45,hasType
151,53,hasIntensity
151,54,supportsGoal
152,16,targets
152,40,requires
152,45,hasType
152,53,hasIntensity
152,54,supportsGoal
153,16,targets
153,40,requires
153,41,hasType
153,52,hasIntensity
153,41,supportsGoal
154,16,targets
154,40,requires
154,41,hasType
154,52,hasIntensity
154,41,supportsGoal
155,16,targets
155,40,requires
155,41,hasType
155,52,hasIntensity
155,41,supportsGoal
156,16,targets
156,40,requires
156,45,hasType
156,53,hasIntensity
156,54,supportsGoal
157,16,targets
157,40,requires
157,41,hasType
157,52,hasIntensity
157,41,supportsGoal
158,16,targets
158,40,requires
158,46,hasType
158,51,hasIntensity
158,46,supportsGoal
159,0,targets
159,2,targets
159,40,requires
159,46,hasType
159,51,hasIntensity
159,46,supportsGoal
160,16,targets
160,40,requires
160,41,hasType
160,52,hasIntensity
160,41,supportsGoal
161,16,targets
161,40,requires
161,46,hasType
161,51,hasIntensity
161,46,supportsGoal
162,16,targets
162,40,requires
162,46,hasType
162,51,hasIntensity
162,41,supportsGoal
163,16,targets
163,40,requires
163,41,hasType
163,52,hasIntensity
163,41,supportsGoal
164,16,targets
164,40,requires
164,41,hasType
164,52,hasIntensity
164,41,supportsGoal
165,0,targets
165,2,targets
165,40,requires
165,41,hasType
165,52,hasIntensity
165,41,supportsGoal
166,10,targets
166,11,targets
166,29,requires
166,41,hasType
166,52,hasIntensity
166,41,supportsGoal
167,16,targets
167,40,requires
167,46,hasType
167,51,hasIntensity
167,46,supportsGoal
168,1,targets
168,2,targets
168,6,targets
168,25,requires
168,41,hasType
168,53,hasIntensity
168,41,supportsGoal
169,1,targets
169,2,targets
169,6,targets
169,25,requires
169,41,hasType
169,53,hasIntensity
169,41,supportsGoal
170,16,targets
170,25,requires
170,41,hasType
170,53,hasIntensity
170,41,supportsGoal
171,16,targets
171,25,requires
171,41,hasType
171,53,hasIntensity
171,41,supportsGoal
172,5,targets
172,40,requires
172,41,hasType
172,52,hasIntensity
172,41,supportsGoal
173,16,targets
173,40,requires
173,41,hasType
173,52,hasIntensity
173,41,supportsGoal
174,16,targets
174,25,requires
174,41,hasType
174,53,hasIntensity
174,41,supportsGoal
175,16,targets
175,25,requires
175,41,hasType
175,53,hasIntensity
175,41,supportsGoal
176,7,targets
176,6,targets
176,25,requires
176,41,hasType
176,53,hasIntensity
176,41,supportsGoal
177,16,targets
177,40,requires
177,45,hasType
177,52,hasIntensity
177,54,supportsGoal
178,0,targets
178,2,targets
178,25,requires
178,41,hasType
178,53,hasIntensity
178,41,supportsGoal
179,7,targets
179,6,targets
179,28,requires
179,45,hasType
179,52,hasIntensity
179,54,supportsGoal
180,0,targets
180,2,targets
180,25,requires
180,41,hasType
180,53,hasIntensity
180,41,supportsGoal
181,0,targets
181,2,targets
181,25,requires
181,41,hasType
181,53,hasIntensity
181,41,supportsGoal
182,16,targets
182,40,requires
182,41,hasType
182,52,hasIntensity
182,46,supportsGoal
183,0,targets
183,2,targets
183,40,requires
183,41,hasType
183,52,hasIntensity
183,46,supportsGoal
184,16,targets
184,40,requires
184,41,hasType
184,52,hasIntensity
184,41,supportsGoal
185,16,targets
185,40,requires
185,45,hasType
185,52,hasIntensity
185,54,supportsGoal
186,7,targets
186,6,targets
186,40,requires
186,41,hasType
186,52,hasIntensity
186,41,supportsGoal
187,16,targets
187,188,targets
187,2,targets
187,40,requires
187,41,hasType
187,52,hasIntensity
187,41,supportsGoal
189,0,targets
189,2,targets
189,25,requires
189,41,hasType
189,52,hasIntensity
189,41,supportsGoal
190,0,targets
190,2,targets
190,25,requires
190,41,hasType
190,52,hasIntensity
190,41,supportsGoal
191,0,targets
191,2,targets
191,25,requires
191,41,hasType
191,52,hasIntensity
191,41,supportsGoal
192,0,targets
192,2,targets
192,25,requires
192,41,hasType
192,52,hasIntensity
192,41,supportsGoal
193,0,targets
193,2,targets
193,25,requires
193,41,hasType
193,52,hasIntensity
193,41,supportsGoal
194,0,targets
194,2,targets
194,25,requires
194,41,hasType
194,52,hasIntensity
194,41,supportsGoal
195,0,targets
195,2,targets
195,25,requires
195,41,hasType
195,52,hasIntensity
195,41,supportsGoal
196,0,targets
196,2,targets
196,25,requires
196,41,hasType
196,52,hasIntensity
196,41,supportsGoal
197,0,targets
197,2,targets
197,25,requires
197,41,hasType
197,52,hasIntensity
197,41,supportsGoal
198,0,targets
198,2,targets
198,25,requires
198,41,hasType
198,52,hasIntensity
198,41,supportsGoal
199,0,targets
199,2,targets
199,25,requires
199,41,hasType
199,52,hasIntensity
199,41,supportsGoal
200,0,targets
200,2,targets
200,25,requires
200,41,hasType
200,52,hasIntensity
200,41,supportsGoal
201,0,targets
201,2,targets
201,25,requires
201,41,hasType
201,52,hasIntensity
201,41,supportsGoal
202,0,targets
202,2,targets
202,25,requires
202,41,hasType
202,52,hasIntensity
202,41,supportsGoal
203,0,targets
203,2,targets
203,25,requires
203,41,hasType
203,52,hasIntensity
203,41,supportsGoal
204,0,targets
204,2,targets
204,25,requires
204,41,hasType
204,52,hasIntensity
204,41,supportsGoal
205,0,targets
205,2,targets
205,25,requires
205,41,hasType
205,52,hasIntensity
205,41,supportsGoal
206,0,targets
206,2,targets
206,25,requires
206,41,hasType
206,52,hasIntensity
206,41,supportsGoal
207,0,targets
207,2,targets
207,25,requires
207,41,hasType
207,52,hasIntensity
207,41,supportsGoal
208,0,targets
208,2,targets
208,25,requires
208,41,hasType
208,52,hasIntensity
208,41,supportsGoal
209,5,targets
209,40,requires
209,41,hasType
209,52,hasIntensity
209,41,supportsGoal
210,5,targets
210,40,requires
210,41,hasType
210,52,hasIntensity
210,41,supportsGoal
211,5,targets
211,40,requires
211,41,hasType
211,52,hasIntensity
211,41,supportsGoal
212,5,targets
212,40,requires
212,41,hasType
212,52,hasIntensity
212,41,supportsGoal
213,5,targets
213,40,requires
213,41,hasType
213,52,hasIntensity
213,41,supportsGoal
214,5,targets
214,40,requires
214,41,hasType
214,52,hasIntensity
214,41,supportsGoal
215,5,targets
215,40,requires
215,41,hasType
215,52,hasIntensity
215,41,supportsGoal
216,5,targets
216,40,requires
216,41,hasType
216,52,hasIntensity
216,41,supportsGoal
217,5,targets
217,40,requires
217,41,hasType
217,52,hasIntensity
217,41,supportsGoal
218,5,targets
218,40,requires
218,41,hasType
218,52,hasIntensity
218,41,supportsGoal
219,7,targets
219,6,targets
219,40,requires
219,41,hasType
219,52,hasIntensity
219,41,supportsGoal
220,7,targets
220,6,targets
220,40,requires
220,41,hasType
220,52,hasIntensity
220,41,supportsGoal
221,7,targets
221,6,targets
221,40,requires
221,41,hasType
221,52,hasIntensity
221,41,supportsGoal
222,7,targets
222,6,targets
222,40,requires
222,41,hasType
222,52,hasIntensity
222,41,supportsGoal
223,7,targets
223,6,targets
223,40,requires
223,41,hasType
223,52,hasIntensity
223,41,supportsGoal
224,7,targets
224,6,targets
224,40,requires
224,41,hasType
224,52,hasIntensity
224,41,supportsGoal
225,7,targets
225,6,targets
225,40,requires
225,41,hasType
225,52,hasIntensity
225,41,supportsGoal
226,7,targets
226,6,targets
226,40,requires
226,41,hasType
226,52,hasIntensity
226,41,supportsGoal
227,7,targets
227,6,targets
227,40,requires
227,41,hasType
227,52,hasIntensity
227,41,supportsGoal
228,7,targets
228,6,targets
228,40,requires
228,41,hasType
228,52,hasIntensity
228,41,supportsGoal
229,7,targets
229,6,targets
229,28,requires
229,41,hasType
229,52,hasIntensity
229,41,supportsGoal
230,7,targets
230,6,targets
230,28,requires
230,41,hasType
230,52,hasIntensity
230,41,supportsGoal
231,7,targets
231,6,targets
231,28,requires
231,41,hasType
231,52,hasIntensity
231,41,supportsGoal
232,7,targets
232,6,targets
232,28,requires
232,41,hasType
232,52,hasIntensity
232,41,supportsGoal
233,7,targets
233,6,targets
233,28,requires
233,41,hasType
233,52,hasIntensity
233,41,supportsGoal
234,7,targets
234,6,targets
234,28,requires
234,41,hasType
234,52,hasIntensity
234,41,supportsGoal
235,7,targets
235,6,targets
235,28,requires
235,41,hasType
235,52,hasIntensity
235,41,supportsGoal
236,7,targets
236,6,targets
236,28,requires
236,41,hasType
236,52,hasIntensity
236,41,supportsGoal
237,7,targets
237,6,targets
237,28,requires
237,41,hasType
237,52,hasIntensity
237,41,supportsGoal
238,7,targets
238,6,targets
238,28,requires
238,41,hasType
238,52,hasIntensity
238,41,supportsGoal
239,0,targets
239,2,targets
239,25,requires
239,41,hasType
239,53,hasIntensity
239,41,supportsGoal
240,0,targets
240,2,targets
240,25,requires
240,41,hasType
240,53,hasIntensity
240,41,supportsGoal
241,0,targets
241,2,targets
241,25,requires
241,41,hasType
241,53,hasIntensity
241,41,supportsGoal
242,0,targets
242,2,targets
242,25,requires
242,41,hasType
242,53,hasIntensity
242,41,supportsGoal
243,0,targets
243,2,targets
243,25,requires
243,41,hasType
243,53,hasIntensity
243,41,supportsGoal
244,0,targets
244,2,targets
244,25,requires
244,41,hasType
244,53,hasIntensity
244,41,supportsGoal
245,0,targets
245,2,targets
245,25,requires
245,41,hasType
245,53,hasIntensity
245,41,supportsGoal
246,0,targets
246,2,targets
246,25,requires
246,41,hasType
246,53,hasIntensity
246,41,supportsGoal
247,0,targets
247,2,targets
247,25,requires
247,41,hasType
247,53,hasIntensity
247,41,supportsGoal
248,0,targets
248,2,targets
248,25,requires
248,41,hasType
248,53,hasIntensity
248,41,supportsGoal
249,0,targets
249,2,targets
249,25,requires
249,41,hasType
249,53,hasIntensity
249,41,supportsGoal
250,0,targets
250,2,targets
250,25,requires
250,41,hasType
250,53,hasIntensity
250,41,supportsGoal
251,0,targets
251,2,targets
251,25,requires
251,41,hasType
251,53,hasIntensity
251,41,supportsGoal
252,0,targets
252,2,targets
252,25,requires
252,41,hasType
252,53,hasIntensity
252,41,supportsGoal
253,0,targets
253,2,targets
253,25,requires
253,41,hasType
253,53,hasIntensity
253,41,supportsGoal
254,0,targets
254,2,targets
254,25,requires
254,41,hasType
254,53,hasIntensity
254,41,supportsGoal
255,0,targets
255,2,targets
255,25,requires
255,41,hasType
255,53,hasIntensity
255,41,supportsGoal
256,0,targets
256,2,targets
256,25,requires
256,41,hasType
256,53,hasIntensity
256,41,supportsGoal
257,0,targets
257,2,targets
257,25,requires
257,41,hasType
257,53,hasIntensity
257,41,supportsGoal
258,0,targets
258,2,targets
258,25,requires
258,41,hasType
258,53,hasIntensity
258,41,supportsGoal
259,0,targets
259,2,targets
259,25,requires
259,41,hasType
259,53,hasIntensity
259,41,supportsGoal
260,0,targets
260,2,targets
260,25,requires
260,41,hasType
260,53,hasIntensity
260,41,supportsGoal
261,0,targets
261,2,targets
261,25,requires
261,41,hasType
261,53,hasIntensity
261,41,supportsGoal
262,0,targets
262,2,targets
262,25,requires
262,41,hasType
262,53,hasIntensity
262,41,supportsGoal
263,0,targets
263,2,targets
263,25,requires
263,41,hasType
263,53,hasIntensity
263,41,supportsGoal
264,0,targets
264,2,targets
264,25,requires
264,41,hasType
264,53,hasIntensity
264,41,supportsGoal
265,0,targets
265,2,targets
265,25,requires
265,41,hasType
265,53,hasIntensity
265,41,supportsGoal
266,0,targets
266,2,targets
266,25,requires
266,41,hasType
266,53,hasIntensity
266,41,supportsGoal
267,0,targets
267,2,targets
267,25,requires
267,41,hasType
267,53,hasIntensity
267,41,supportsGoal
268,0,targets
268,2,targets
268,25,requires
268,41,hasType
268,53,hasIntensity
268,41,supportsGoal
269,0,targets
269,2,targets
269,25,requires
269,41,hasType
269,53,hasIntensity
269,41,supportsGoal
270,0,targets
270,2,targets
270,25,requires
270,41,hasType
270,53,hasIntensity
270,41,supportsGoal
271,0,targets
271,2,targets
271,25,requires
271,41,hasType
271,53,hasIntensity
271,41,supportsGoal
272,0,targets
272,2,targets
272,25,requires
272,41,hasType
272,53,hasIntensity
272,41,supportsGoal
273,0,targets
273,2,targets
273,25,requires
273,41,hasType
273,53,hasIntensity
273,41,supportsGoal
274,0,targets
274,2,targets
274,25,requires
274,41,hasType
274,53,hasIntensity
274,41,supportsGoal
275,0,targets
275,2,targets
275,25,requires
275,41,hasType
275,53,hasIntensity
275,41,supportsGoal
276,0,targets
276,2,targets
276,25,requires
276,41,hasType
276,53,hasIntensity
276,41,supportsGoal
277,0,targets
277,2,targets
277,25,requires
277,41,hasType
277,53,hasIntensity
277,41,supportsGoal
278,0,targets
278,2,targets
278,25,requires
278,41,hasType
278,53,hasIntensity
278,41,supportsGoal
279,0,targets
279,2,targets
279,40,requires
279,41,hasType
279,52,hasIntensity
279,41,supportsGoal
280,0,targets
280,2,targets
280,40,requires
280,41,hasType
280,52,hasIntensity
280,41,supportsGoal
281,0,targets
281,2,targets
281,40,requires
281,41,hasType
281,52,hasIntensity
281,41,supportsGoal
282,0,targets
282,2,targets
282,40,requires
282,41,hasType
282,52,hasIntensity
282,41,supportsGoal
283,0,targets
283,2,targets
283,40,requires
283,41,hasType
283,52,hasIntensity
283,41,supportsGoal
284,0,targets
284,2,targets
284,40,requires
284,41,hasType
284,52,hasIntensity
284,41,supportsGoal
285,0,targets
285,2,targets
285,40,requires
285,41,hasType
285,52,hasIntensity
285,41,supportsGoal
286,0,targets
286,2,targets
286,40,requires
286,41,hasType
286,52,hasIntensity
286,41,supportsGoal
287,0,targets
287,2,targets
287,40,requires
287,41,hasType
287,52,hasIntensity
287,41,supportsGoal
288,0,targets
288,2,targets
288,40,requires
288,41,hasType
288,52,hasIntensity
288,41,supportsGoal
289,7,targets
289,6,targets
289,26,requires
289,45,hasType
289,52,hasIntensity
289,54,supportsGoal
290,7,targets
290,6,targets
290,26,requires
290,45,hasType
290,52,hasIntensity
290,54,supportsGoal
291,7,targets
291,6,targets
291,26,requires
291,45,hasType
291,52,hasIntensity
291,54,supportsGoal
292,7,targets
292,6,targets
292,26,requires
292,45,hasType
292,52,hasIntensity
292,54,supportsGoal
293,7,targets
293,6,targets
293,26,requires
293,45,hasType
293,52,hasIntensity
293,54,supportsGoal
294,7,targets
294,6,targets
294,26,requires
294,45,hasType
294,52,hasIntensity
294,54,supportsGoal
295,7,targets
295,6,targets
295,26,requires
295,45,hasType
295,52,hasIntensity
295,54,supportsGoal
296,7,targets
296,6,targets
296,26,requires
296,45,hasType
296,52,hasIntensity
296,54,supportsGoal
297,7,targets
297,6,targets
297,26,requires
297,45,hasType
297,52,hasIntensity
297,54,supportsGoal
298,7,targets
298,6,targets
298,26,requires
298,45,hasType
298,52,hasIntensity
298,54,supportsGoal
299,0,targets
299,2,targets
299,25,requires
299,41,hasType
299,52,hasIntensity
299,41,supportsGoal
300,0,targets
300,2,targets
300,25,requires
300,41,hasType
300,52,hasIntensity
300,41,supportsGoal
301,0,targets
301,2,targets
301,25,requires
301,41,hasType
301,52,hasIntensity
301,41,supportsGoal
302,0,targets
302,2,targets
302,25,requires
302,41,hasType
302,52,hasIntensity
302,41,supportsGoal
303,0,targets
303,2,targets
303,25,requires
303,41,hasType
303,52,hasIntensity
303,41,supportsGoal
304,0,targets
304,2,targets
304,25,requires
304,41,hasType
304,52,hasIntensity
304,41,supportsGoal
305,0,targets
305,2,targets
305,25,requires
305,41,hasType
305,52,hasIntensity
305,41,supportsGoal
306,0,targets
306,2,targets
306,25,requires
306,41,hasType
306,52,hasIntensity
306,41,supportsGoal
307,0,targets
307,2,targets
307,25,requires
307,41,hasType
307,52,hasIntensity
307,41,supportsGoal
308,0,targets
308,2,targets
308,25,requires
308,41,hasType
308,52,hasIntensity
308,41,supportsGoal
309,7,targets
309,6,targets
309,40,requires
309,41,hasType
309,52,hasIntensity
309,41,supportsGoal
310,7,targets
310,6,targets
310,40,requires
310,41,hasType
310,52,hasIntensity
310,41,supportsGoal
311,7,targets
311,6,targets
311,40,requires
311,41,hasType
311,52,hasIntensity
311,41,supportsGoal
312,7,targets
312,6,targets
312,40,requires
312,41,hasType
312,52,hasIntensity
312,41,supportsGoal
313,7,targets
313,6,targets
313,40,requires
313,41,hasType
313,52,hasIntensity
313,41,supportsGoal
314,7,targets
314,6,targets
314,40,requires
314,41,hasType
314,52,hasIntensity
314,41,supportsGoal
315,7,targets
315,6,targets
315,40,requires
315,41,hasType
315,52,hasIntensity
315,41,supportsGoal
316,7,targets
316,6,targets
316,40,requires
316,41,hasType
316,52,hasIntensity
316,41,supportsGoal
317,7,targets
317,6,targets
317,40,requires
317,41,hasType
317,52,hasIntensity
317,41,supportsGoal
318,7,targets
318,6,targets
318,40,requires
318,41,hasType
318,52,hasIntensity
318,41,supportsGoal
319,13,targets
319,25,requires
319,41,hasType
319,52,hasIntensity
319,42,supportsGoal
320,13,targets
320,25,requires
320,41,hasType
320,52,hasIntensity
320,42,supportsGoal
321,13,targets
321,25,requires
321,41,hasType
321,52,hasIntensity
321,42,supportsGoal
322,13,targets
322,25,requires
322,41,hasType
322,52,hasIntensity
322,42,supportsGoal
323,13,targets
323,25,requires
323,41,hasType
323,52,hasIntensity
323,42,supportsGoal
324,13,targets
324,25,requires
324,41,hasType
324,52,hasIntensity
324,42,supportsGoal
325,13,targets
325,25,requires
325,41,hasType
325,52,hasIntensity
325,42,supportsGoal
326,13,targets
326,25,requires
326,41,hasType
326,52,hasIntensity
326,42,supportsGoal
327,13,targets
327,25,requires
327,41,hasType
327,52,hasIntensity
327,42,supportsGoal
328,13,targets
328,25,requires
328,41,hasType
328,52,hasIntensity
328,42,supportsGoal
329,5,targets
329,40,requires
329,41,hasType
329,52,hasIntensity
329,41,supportsGoal
330,5,targets
330,40,requires
330,41,hasType
330,52,hasIntensity
330,41,supportsGoal
331,5,targets
331,40,requires
331,41,hasType
331,52,hasIntensity
331,41,supportsGoal
332,5,targets
332,40,requires
332,41,hasType
332,52,hasIntensity
332,41,supportsGoal
333,5,targets
333,40,requires
333,41,hasType
333,52,hasIntensity
333,41,supportsGoal
334,5,targets
334,40,requires
334,41,hasType
334,52,hasIntensity
334,41,supportsGoal
335,5,targets
335,40,requires
335,41,hasType
335,52,hasIntensity
335,41,supportsGoal
336,5,targets
336,40,requires
336,41,hasType
336,52,hasIntensity
336,41,supportsGoal
337,5,targets
337,40,requires
337,41,hasType
337,52,hasIntensity
337,41,supportsGoal
338,5,targets
338,40,requires
338,41,hasType
338,52,hasIntensity
338,41,supportsGoal
339,16,targets
339,40,requires
339,48,hasType
339,51,hasIntensity
339,46,supportsGoal
340,16,targets
340,40,requires
340,48,hasType
340,51,hasIntensity
340,46,supportsGoal
341,16,targets
341,40,requires
341,48,hasType
341,51,hasIntensity
341,46,supportsGoal
342,16,targets
342,40,requires
342,48,hasType
342,51,hasIntensity
342,46,supportsGoal
343,16,targets
343,40,requires
343,48,hasType
343,51,hasIntensity
343,46,supportsGoal
344,16,targets
344,40,requires
344,48,hasType
344,51,hasIntensity
344,46,supportsGoal
345,16,targets
345,40,requires
345,48,hasType
345,51,hasIntensity
345,46,supportsGoal
346,16,targets
346,40,requires
346,48,hasType
346,51,hasIntensity
346,46,supportsGoal
347,16,targets
347,40,requires
347,48,hasType
347,51,hasIntensity
347,46,supportsGoal
348,16,targets
348,40,requires
348,48,hasType
348,51,hasIntensity
348,46,supportsGoal
349,16,targets
349,40,requires
349,45,hasType
349,53,hasIntensity
349,54,supportsGoal
350,16,targets
350,40,requires
350,45,hasType
350,53,hasIntensity
350,54,supportsGoal
351,16,targets
351,40,requires
351,45,hasType
351,53,hasIntensity
351,54,supportsGoal
352,16,targets
352,40,requires
352,45,hasType
352,53,hasIntensity
352,54,supportsGoal
353,16,targets
353,40,requires
353,45,hasType
353,53,hasIntensity
353,54,supportsGoal
354,16,targets
354,40,requires
354,45,hasType
354,53,hasIntensity
354,54,supportsGoal
355,16,targets
355,40,requires
355,45,hasType
355,53,hasIntensity
355,54,supportsGoal
356,16,targets
356,40,requires
356,45,hasType
356,53,hasIntensity
356,54,supportsGoal
357,16,targets
357,40,requires
357,45,hasType
357,53,hasIntensity
357,54,supportsGoal
358,16,targets
358,40,requires
358,45,hasType
358,53,hasIntensity
358,54,supportsGoal
359,16,targets
359,40,requires
359,45,hasType
359,53,hasIntensity
359,54,supportsGoal
360,16,targets
360,40,requires
360,45,hasType
360,53,hasIntensity
360,54,supportsGoal
361,16,targets
361,40,requires
361,45,hasType
361,53,hasIntensity
361,54,supportsGoal
362,16,targets
362,40,requires
362,45,hasType
362,53,hasIntensity
362,54,supportsGoal
363,16,targets
363,40,requires
363,45,hasType
363,53,hasIntensity
363,54,supportsGoal
364,16,targets
364,40,requires
364,45,hasType
364,53,hasIntensity
364,54,supportsGoal
365,16,targets
365,40,requires
365,45,hasType
365,53,hasIntensity
365,54,supportsGoal
366,16,targets
366,40,requires
366,45,hasType
366,53,hasIntensity
366,54,supportsGoal
367,16,targets
367,40,requires
367,45,hasType
367,53,hasIntensity
367,54,supportsGoal
368,16,targets
368,40,requires
368,45,hasType
368,53,hasIntensity
368,54,supportsGoal
369,16,targets
369,27,requires
369,41,hasType
369,53,hasIntensity
369,41,supportsGoal
370,16,targets
370,27,requires
370,41,hasType
370,53,hasIntensity
370,41,supportsGoal
371,16,targets
371,27,requires
371,41,hasType
371,53,hasIntensity
371,41,supportsGoal
372,16,targets
372,27,requires
372,41,hasType
372,53,hasIntensity
372,41,supportsGoal
373,16,targets
373,27,requires
373,41,hasType
373,53,hasIntensity
373,41,supportsGoal
374,16,targets
374,27,requires
374,41,hasType
374,53,hasIntensity
374,41,supportsGoal
375,16,targets
375,27,requires
375,41,hasType
375,53,hasIntensity
375,41,supportsGoal
376,16,targets
376,27,requires
376,41,hasType
376,53,hasIntensity
376,41,supportsGoal
377,16,targets
377,27,requires
377,41,hasType
377,53,hasIntensity
377,41,supportsGoal
378,16,targets
378,27,requires
378,41,hasType
378,53,hasIntensity
378,41,supportsGoal
379,16,targets
379,27,requires
379,41,hasType
379,53,hasIntensity
379,41,supportsGoal
380,16,targets
380,25,requires
380,41,hasType
380,53,hasIntensity
380,41,supportsGoal
381,16,targets
381,25,requires
381,41,hasType
381,53,hasIntensity
381,41,supportsGoal
382,16,targets
382,25,requires
382,41,hasType
382,53,hasIntensity
382,41,supportsGoal
383,16,targets
383,25,requires
383,41,hasType
383,53,hasIntensity
383,41,supportsGoal
384,16,targets
384,25,requires
384,41,hasType
384,53,hasIntensity
384,41,supportsGoal
385,16,targets
385,25,requires
385,41,hasType
385,53,hasIntensity
385,41,supportsGoal
386,16,targets
386,25,requires
386,41,hasType
386,53,hasIntensity
386,41,supportsGoal
387,16,targets
387,25,requires
387,41,hasType
387,53,hasIntensity
387,41,supportsGoal
388,16,targets
388,25,requires
388,41,hasType
388,53,hasIntensity
388,41,supportsGoal
389,16,targets
389,25,requires
389,41,hasType
389,53,hasIntensity
389,41,supportsGoal
390,7,targets
390,6,targets
390,28,requires
390,45,hasType
390,52,hasIntensity
390,54,supportsGoal
391,7,targets
391,6,targets
391,28,requires
391,45,hasType
391,52,hasIntensity
391,54,supportsGoal
392,7,targets
392,6,targets
392,28,requires
392,45,hasType
392,52,hasIntensity
392,54,supportsGoal
393,7,targets
393,6,targets
393,28,requires
393,45,hasType
393,52,hasIntensity
393,54,supportsGoal
394,7,targets
394,6,targets
394,28,requires
394,45,hasType
394,52,hasIntensity
394,54,supportsGoal
395,7,targets
395,6,targets
395,28,requires
395,45,hasType
395,52,hasIntensity
395,54,supportsGoal
396,7,targets
396,6,targets
396,28,requires
396,45,hasType
396,52,hasIntensity
396,54,supportsGoal
397,7,targets
397,6,targets
397,28,requires
397,45,hasType
397,52,hasIntensity
397,54,supportsGoal
398,7,targets
398,6,targets
398,28,requires
398,45,hasType
398,52,hasIntensity
398,54,supportsGoal
399,7,targets
399,6,targets
399,28,requires
399,45,hasType
399,52,hasIntensity
399,54,supportsGoal
400,0,targets
400,2,targets
400,25,requires
400,41,hasType
400,53,hasIntensity
400,41,supportsGoal
401,0,targets
401,2,targets
401,25,requires
401,41,hasType
401,53,hasIntensity
401,41,supportsGoal
402,0,targets
402,2,targets
402,25,requires
402,41,hasType
402,53,hasIntensity
402,41,supportsGoal
403,0,targets
403,2,targets
403,25,requires
403,41,hasType
403,53,hasIntensity
403,41,supportsGoal
404,0,targets
404,2,targets
404,25,requires
404,41,hasType
404,53,hasIntensity
404,41,supportsGoal
405,0,targets
405,2,targets
405,25,requires
405,41,hasType
405,53,hasIntensity
405,41,supportsGoal
406,0,targets
406,2,targets
406,25,requires
406,41,hasType
406,53,hasIntensity
406,41,supportsGoal
407,0,targets
407,2,targets
407,25,requires
407,41,hasType
407,53,hasIntensity
407,41,supportsGoal
408,0,targets
408,2,targets
408,25,requires
408,41,hasType
408,53,hasIntensity
408,41,supportsGoal
409,0,targets
409,2,targets
409,25,requires
409,41,hasType
409,53,hasIntensity
409,41,supportsGoal
410,0,targets
410,2,targets
410,25,requires
410,41,hasType
410,52,hasIntensity
410,41,supportsGoal
411,0,targets
411,2,targets
411,25,requires
411,41,hasType
411,52,hasIntensity
411,41,supportsGoal
412,0,targets
412,2,targets
412,25,requires
412,41,hasType
412,52,hasIntensity
412,41,supportsGoal
413,0,targets
413,2,targets
413,25,requires
413,41,hasType
413,52,hasIntensity
413,41,supportsGoal
414,0,targets
414,2,targets
414,25,requires
414,41,hasType
414,52,hasIntensity
414,41,supportsGoal
415,0,targets
415,2,targets
415,25,requires
415,41,hasType
415,52,hasIntensity
415,41,supportsGoal
416,0,targets
416,2,targets
416,25,requires
416,41,hasType
416,52,hasIntensity
416,41,supportsGoal
417,0,targets
417,2,targets
417,25,requires
417,41,hasType
417,52,hasIntensity
417,41,supportsGoal
418,0,targets
418,2,targets
418,25,requires
418,41,hasType
418,52,hasIntensity
418,41,supportsGoal
419,0,targets
419,2,targets
419,25,requires
419,41,hasType
419,52,hasIntensity
419,41,supportsGoal
420,16,targets
420,40,requires
420,41,hasType
420,52,hasIntensity
420,41,supportsGoal
421,16,targets
421,40,requires
421,41,hasType
421,52,hasIntensity
421,41,supportsGoal
422,16,targets
422,40,requires
422,41,hasType
422,52,hasIntensity
422,41,supportsGoal
423,16,targets
423,40,requires
423,41,hasType
423,52,hasIntensity
423,41,supportsGoal
424,16,targets
424,40,requires
424,41,hasType
424,52,hasIntensity
424,41,supportsGoal
425,16,targets
425,40,requires
425,41,hasType
425,52,hasIntensity
425,41,supportsGoal
426,16,targets
426,40,requires
426,41,hasType
426,52,hasIntensity
426,41,supportsGoal
427,16,targets
427,40,requires
427,41,hasType
427,52,hasIntensity
427,41,supportsGoal
428,16,targets
428,40,requires
428,41,hasType
428,52,hasIntensity
428,41,supportsGoal
429,16,targets
429,40,requires
429,41,hasType
429,52,hasIntensity
429,41,supportsGoal
430,0,targets
430,2,targets
430,25,requires
430,41,hasType
430,52,hasIntensity
430,41,supportsGoal
431,0,targets
431,2,targets
431,25,requires
431,41,hasType
431,52,hasIntensity
431,41,supportsGoal
432,0,targets
432,2,targets
432,25,requires
432,41,hasType
432,52,hasIntensity
432,41,supportsGoal
433,0,targets
433,2,targets
433,25,requires
433,41,hasType
433,52,hasIntensity
433,41,supportsGoal
434,0,targets
434,2,targets
434,25,requires
434,41,hasType
434,52,hasIntensity
434,41,supportsGoal
435,0,targets
435,2,targets
435,25,requires
435,41,hasType
435,52,hasIntensity
435,41,supportsGoal
436,0,targets
436,2,targets
436,25,requires
436,41,hasType
436,52,hasIntensity
436,41,supportsGoal
437,0,targets
437,2,targets
437,25,requires
437,41,hasType
437,52,hasIntensity
437,41,supportsGoal
438,0,targets
438,2,targets
438,25,requires
438,41,hasType
438,52,hasIntensity
438,41,supportsGoal
439,0,targets
439,2,targets
439,25,requires
439,41,hasType
439,52,hasIntensity
439,41,supportsGoal
440,14,targets
440,40,requires
440,41,hasType
440,52,hasIntensity
440,41,supportsGoal
441,14,targets
441,40,requires
441,41,hasType
441,52,hasIntensity
441,41,supportsGoal
442,14,targets
442,40,requires
442,41,hasType
442,52,hasIntensity
442,41,supportsGoal
443,14,targets
443,40,requires
443,41,hasType
443,52,hasIntensity
443,41,supportsGoal
444,14,targets
444,40,requires
444,41,hasType
444,52,hasIntensity
444,41,supportsGoal
445,14,targets
445,40,requires
445,41,hasType
445,52,hasIntensity
445,41,supportsGoal
446,14,targets
446,40,requires
446,41,hasType
446,52,hasIntensity
446,41,supportsGoal
447,14,targets
447,40,requires
447,41,hasType
447,52,hasIntensity
447,41,supportsGoal
448,14,targets
448,40,requires
448,41,hasType
448,52,hasIntensity
448,41,supportsGoal
449,14,targets
449,40,requires
449,41,hasType
449,52,hasIntensity
449,41,supportsGoal
450,7,targets
450,6,targets
450,28,requires
450,45,hasType
450,52,hasIntensity
450,54,supportsGoal
451,7,targets
451,6,targets
451,28,requires
451,45,hasType
451,52,hasIntensity
451,54,supportsGoal
452,7,targets
452,6,targets
452,28,requires
452,45,hasType
452,52,hasIntensity
452,54,supportsGoal
453,7,targets
453,6,targets
453,28,requires
453,45,hasType
453,52,hasIntensity
453,54,supportsGoal
454,7,targets
454,6,targets
454,28,requires
454,45,hasType
454,52,hasIntensity
454,54,supportsGoal
455,7,targets
455,6,targets
455,28,requires
455,45,hasType
455,52,hasIntensity
455,54,supportsGoal
456,7,targets
456,6,targets
456,28,requires
456,45,hasType
456,52,hasIntensity
456,54,supportsGoal
457,7,targets
457,6,targets
457,28,requires
457,45,hasType
457,52,hasIntensity
457,54,supportsGoal
458,7,targets
458,6,targets
458,28,requires
458,45,hasType
458,52,hasIntensity
458,54,supportsGoal
459,7,targets
459,6,targets
459,28,requires
459,45,hasType
459,52,hasIntensity
459,54,supportsGoal
460,5,targets
460,28,requires
460,48,hasType
460,52,hasIntensity
460,42,supportsGoal
461,5,targets
461,28,requires
461,48,hasType
461,52,hasIntensity
461,42,supportsGoal
462,5,targets
462,28,requires
462,48,hasType
462,52,hasIntensity
462,42,supportsGoal
463,5,targets
463,28,requires
463,48,hasType
463,52,hasIntensity
463,42,supportsGoal
464,5,targets
464,28,requires
464,48,hasType
464,52,hasIntensity
464,42,supportsGoal
465,5,targets
465,28,requires
465,48,hasType
465,52,hasIntensity
465,42,supportsGoal
466,5,targets
466,28,requires
466,48,hasType
466,52,hasIntensity
466,42,supportsGoal
467,5,targets
467,28,requires
467,48,hasType
467,52,hasIntensity
467,42,supportsGoal
468,5,targets
468,28,requires
468,48,hasType
468,52,hasIntensity
468,42,supportsGoal
469,5,targets
469,28,requires
469,48,hasType
469,52,hasIntensity
469,42,supportsGoal
470,7,targets
470,6,targets
470,40,requires
470,41,hasType
470,52,hasIntensity
470,41,supportsGoal
471,7,targets
471,6,targets
471,40,requires
471,41,hasType
471,52,hasIntensity
471,41,supportsGoal
472,7,targets
472,6,targets
472,40,requires
472,41,hasType
472,52,hasIntensity
472,41,supportsGoal
473,7,targets
473,6,targets
473,40,requires
473,41,hasType
473,52,hasIntensity
473,41,supportsGoal
474,7,targets
474,6,targets
474,40,requires
474,41,hasType
474,52,hasIntensity
474,41,supportsGoal
475,7,targets
475,6,targets
475,40,requires
475,41,hasType
475,52,hasIntensity
475,41,supportsGoal
476,7,targets
476,6,targets
476,40,requires
476,41,hasType
476,52,hasIntensity
476,41,supportsGoal
477,7,targets
477,6,targets
477,40,requires
477,41,hasType
477,52,hasIntensity
477,41,supportsGoal
478,7,targets
478,6,targets
478,40,requires
478,41,hasType
478,52,hasIntensity
478,41,supportsGoal
479,7,targets
479,6,targets
479,40,requires
479,41,hasType
479,52,hasIntensity
479,41,supportsGoal
480,0,targets
480,2,targets
480,25,requires
480,41,hasType
480,53,hasIntensity
480,41,supportsGoal
481,0,targets
481,2,targets
481,25,requires
481,41,hasType
481,53,hasIntensity
481,41,supportsGoal
482,0,targets
482,2,targets
482,25,requires
482,41,hasType
482,53,hasIntensity
482,41,supportsGoal
483,0,targets
483,2,targets
483,25,requires
483,41,hasType
483,53,hasIntensity
483,41,supportsGoal
484,0,targets
484,2,targets
484,25,requires
484,41,hasType
484,53,hasIntensity
484,41,supportsGoal
485,0,targets
485,2,targets
485,25,requires
485,41,hasType
485,53,hasIntensity
485,41,supportsGoal
486,0,targets
486,2,targets
486,25,requires
486,41,hasType
486,53,hasIntensity
486,41,supportsGoal
487,0,targets
487,2,targets
487,25,requires
487,41,hasType
487,53,hasIntensity
487,41,supportsGoal
488,0,targets
488,2,targets
488,25,requires
488,41,hasType
488,53,hasIntensity
488,41,supportsGoal
489,0,targets
489,2,targets
489,25,requires
489,41,hasType
489,53,hasIntensity
489,41,supportsGoal
490,7,targets
490,6,targets
490,29,requires
490,41,hasType
490,52,hasIntensity
490,41,supportsGoal
491,16,targets
491,40,requires
491,41,hasType
491,52,hasIntensity
491,41,supportsGoal
492,16,targets
492,40,requires
492,41,hasType
492,52,hasIntensity
492,41,supportsGoal
493,16,targets
493,40,requires
493,41,hasType
493,52,hasIntensity
493,41,supportsGoal
494,0,targets
494,2,targets
494,40,requires
494,41,hasType
494,52,hasIntensity
494,41,supportsGoal
495,16,targets
495,40,requires
495,41,hasType
495,52,hasIntensity
495,41,supportsGoal
496,0,targets
496,2,targets
496,25,requires
496,41,hasType
496,52,hasIntensity
496,41,supportsGoal
496,46,supportsGoal
497,16,targets
497,40,requires
497,48,hasType
497,52,hasIntensity
497,46,supportsGoal
498,16,targets
498,40,requires
498,46,hasType
498,52,hasIntensity
498,41,supportsGoal
499,16,targets
499,40,requires
499,46,hasType
499,52,hasIntensity
499,41,supportsGoal
500,5,targets
500,26,requires
500,41,hasType
500,52,hasIntensity
500,42,supportsGoal
501,5,targets
501,26,requires
501,41,hasType
501,52,hasIntensity
501,42,supportsGoal
502,0,targets
502,2,targets
502,25,requires
502,41,hasType
502,52,hasIntensity
502,41,supportsGoal
503,16,targets
503,40,requires
503,41,hasType
503,52,hasIntensity
503,41,supportsGoal
504,13,targets
504,40,requires
504,41,hasType
504,52,hasIntensity
504,42,supportsGoal
505,0,targets
505,2,targets
505,25,requires
505,41,hasType
505,53,hasIntensity
505,41,supportsGoal
506,0,targets
506,2,targets
506,40,requires
506,41,hasType
506,52,hasIntensity
506,41,supportsGoal
507,16,targets
507,40,requires
507,48,hasType
507,51,hasIntensity
507,46,supportsGoal
508,16,targets
508,40,requires
508,48,hasType
508,52,hasIntensity
508,41,supportsGoal
509,16,targets
509,40,requires
509,41,hasType
509,52,hasIntensity
509,41,supportsGoal
26,26,isVariationOf
189,189,isVariationOf
190,190,isVariationOf
199,199,isVariationOf
200,200,isVariationOf
209,209,isVariationOf
210,210,isVariationOf
219,219,isVariationOf
220,220,isVariationOf
229,229,isVariationOf
230,230,isVariationOf
239,239,isVariationOf
240,240,isVariationOf
249,249,isVariationOf
250,250,isVariationOf
259,259,isVariationOf
260,260,isVariationOf
269,269,isVariationOf
270,270,isVariationOf
279,279,isVariationOf
280,280,isVariationOf
289,289,isVariationOf
290,290,isVariationOf
299,299,isVariationOf
300,300,isVariationOf
309,309,isVariationOf
310,310,isVariationOf
319,319,isVariationOf
320,320,isVariationOf
329,329,isVariationOf
330,330,isVariationOf
339,339,isVariationOf
340,340,isVariationOf
349,349,isVariationOf
350,350,isVariationOf
359,359,isVariationOf
360,360,isVariationOf
370,370,isVariationOf
371,371,isVariationOf
380,380,isVariationOf
381,381,isVariationOf
390,390,isVariationOf
391,391,isVariationOf
400,400,isVariationOf
401,401,isVariationOf
410,410,isVariationOf
411,411,isVariationOf
420,420,isVariationOf
421,421,isVariationOf
431,431,isVariationOf
440,440,isVariationOf
441,441,isVariationOf
450,450,isVariationOf
451,451,isVariationOf
460,460,isVariationOf
461,461,isVariationOf
470,470,isVariationOf
471,471,isVariationOf
480,480,isVariationOf
481,481,isVariationOf
500,82,isVariationOf
501,82,isVariationOf
56,16,recruits
57,16,recruits
58,16,recruits
59,16,recruits
60,16,recruits
61,16,recruits
62,16,recruits
63,16,recruits
64,16,recruits
65,16,recruits
66,16,recruits
67,16,recruits
68,16,recruits
69,16,recruits
70,16,recruits
71,16,recruits
74,16,recruits
76,14,recruits
76,10,recruits
77,14,recruits
77,10,recruits
78,14,recruits
78,10,recruits
79,16,recruits
80,14,recruits
80,10,recruits
82,14,recruits
82,10,recruits
83,14,recruits
83,10,recruits
84,14,recruits
84,10,recruits
85,16,recruits
86,16,recruits
87,16,recruits
88,14,recruits
88,10,recruits
89,16,recruits
90,14,recruits
90,10,recruits
107,16,recruits
108,16,recruits
109,16,recruits
115,16,recruits
116,16,recruits
117,16,recruits
118,16,recruits
128,16,recruits
129,14,recruits
129,10,recruits
130,14,recruits
130,10,recruits
136,16,recruits
139,16,recruits
145,16,recruits
147,16,recruits
159,16,recruits
165,16,recruits
168,16,recruits
169,16,recruits
172,14,recruits
172,10,recruits
178,16,recruits
180,16,recruits
181,16,recruits
183,16,recruits
187,16,recruits
189,16,recruits
190,16,recruits
191,16,recruits
192,16,recruits
193,16,recruits
194,16,recruits
195,16,recruits
196,16,recruits
197,16,recruits
198,16,recruits
199,16,recruits
200,16,recruits
201,16,recruits
202,16,recruits
203,16,recruits
204,16,recruits
205,16,recruits
206,16,recruits
207,16,recruits
208,16,recruits
209,14,recruits
209,10,recruits
210,14,recruits
210,10,recruits
211,14,recruits
211,10,recruits
212,14,recruits
212,10,recruits
213,14,recruits
213,10,recruits
214,14,recruits
214,10,recruits
215,14,recruits
215,10,recruits
216,14,recruits
216,10,recruits
217,14,recruits
217,10,recruits
218,14,recruits
218,10,recruits
239,16,recruits
240,16,recruits
241,16,recruits
242,16,recruits
243,16,recruits
244,16,recruits
245,16,recruits
246,16,recruits
247,16,recruits
248,16,recruits
249,16,recruits
250,16,recruits
251,16,recruits
252,16,recruits
253,16,recruits
254,16,recruits
255,16,recruits
256,16,recruits
257,16,recruits
258,16,recruits
259,16,recruits
260,16,recruits
261,16,recruits
262,16,recruits
263,16,recruits
264,16,recruits
265,16,recruits
266,16,recruits
267,16,recruits
268,16,recruits
269,16,recruits
270,16,recruits
271,16,recruits
272,16,recruits
273,16,recruits
274,16,recruits
275,16,recruits
276,16,recruits
277,16,recruits
278,16,recruits
279,16,recruits
280,16,recruits
281,16,recruits
282,16,recruits
283,16,recruits
284,16,recruits
285,16,recruits
286,16,recruits
287,16,recruits
288,16,recruits
299,16,recruits
300,16,recruits
301,16,recruits
302,16,recruits
303,16,recruits
304,16,recruits
305,16,recruits
306,16,recruits
307,16,recruits
308,16,recruits
329,14,recruits
329,10,recruits
330,14,recruits
330,10,recruits
331,14,recruits
331,10,recruits
332,14,recruits
332,10,recruits
333,14,recruits
333,10,recruits
334,14,recruits
334,10,recruits
335,14,recruits
335,10,recruits
336,14,recruits
336,10,recruits
337,14,recruits
337,10,recruits
338,14,recruits
338,10,recruits
400,16,recruits
401,16,recruits
402,16,recruits
403,16,recruits
404,16,recruits
405,16,recruits
406,16,recruits
407,16,recruits
408,16,recruits
409,16,recruits
410,16,recruits
411,16,recruits
412,16,recruits
413,16,recruits
414,16,recruits
415,16,recruits
416,16,recruits
417,16,recruits
418,16,recruits
419,16,recruits
430,16,recruits
431,16,recruits
432,16,recruits
433,16,recruits
434,16,recruits
435,16,recruits
436,16,recruits
437,16,recruits
438,16,recruits
439,16,recruits
460,14,recruits
460,10,recruits
461,14,recruits
461,10,recruits
462,14,recruits
462,10,recruits
463,14,recruits
463,10,recruits
464,14,recruits
464,10,recruits
465,14,recruits
465,10,recruits
466,14,recruits
466,10,recruits
467,14,recruits
467,10,recruits
468,14,recruits
468,10,recruits
469,14,recruits
469,10,recruits
480,16,recruits
481,16,recruits
482,16,recruits
483,16,recruits
484,16,recruits
485,16,recruits
486,16,recruits
487,16,recruits
488,16,recruits
489,16,recruits
494,16,recruits
496,16,recruits
500,14,recruits
500,10,recruits
501,14,recruits
501,10,recruits
502,16,recruits
505,16,recruits
506,16,recruits
