node_id,name,type,attrs_json
0,Quadriceps,MuscleGroup,{}
1,Hamstrings,MuscleGroup,{}
2,Glutes,MuscleGroup,{}
3,Calves,MuscleGroup,{}
4,Hip Flexors,MuscleGroup,{}
5,Chest,MuscleGroup,{}
6,Upper Back,MuscleGroup,{}
7,Lats,MuscleGroup,{}
8,Lower Back,MuscleGroup,{}
9,Trapezius,MuscleGroup,{}
10,Deltoids Anterior,MuscleGroup,{}
11,Deltoids Lateral,MuscleGroup,{}
12,Deltoids Posterior,MuscleGroup,{}
13,Biceps,MuscleGroup,{}
14,Triceps,MuscleGroup,{}
15,Forearms,MuscleGroup,{}
16,Core,MuscleGroup,{}
17,Obliques,MuscleGroup,{}
18,Erector Spinae,MuscleGroup,{}
19,Lower Abs,MuscleGroup,{}
20,Upper Abs,MuscleGroup,{}
21,Adductors,MuscleGroup,{}
22,Abductors,MuscleGroup,{}
23,Serratus Anterior,MuscleGroup,{}
24,Neck,MuscleGroup,{}
25,Barbell,Equipment,{}
26,Dumbbell,Equipment,{}
27,Kettlebell,Equipment,{}
28,Cable Machine,Equipment,{}
29,Resistance Band,Equipment,{}
30,Bodyweight,Equipment,{}
31,Bench,Equipment,{}
32,Smith Machine,Equipment,{}
33,Leg Press Machine,Equipment,{}
34,Pull-up Bar,Equipment,{}
35,Stability Ball,Equipment,{}
36,Medicine Ball,Equipment,{}
37,TRX,Equipment,{}
38,Rowing Machine,Equipment,{}
39,Treadmill,Equipment,{}
40,None,Equipment,{}
41,Strength,ExerciseType,{}
42,Hypertrophy,ExerciseType,{}
43,Power,ExerciseType,{}
44,Endurance,ExerciseType,{}
45,Cardio,ExerciseType,{}
46,Mobility,ExerciseType,{}
47,Flexibility,ExerciseType,{}
48,Stability,ExerciseType,{}
49,Balance,ExerciseType,{}
50,Plyometrics,ExerciseType,{}
51,Low,IntensityLevel,{}
52,Moderate,IntensityLevel,{}
53,High,IntensityLevel,{}
54,Fat Loss,ExerciseGoal,{}
55,Rehab,ExerciseGoal,{}
56,Barbell Squat,Exercise,"{""primary_muscles"": [""Quadriceps"", ""Glutes""], ""equipment"": ""Barbell"", ""exercise_type"": ""Strength"", ""intensity"": ""High"", ""goals"": [""Strength""]}"
57,Front Squat,Exercise,"{""primary_muscles"": [""Quadriceps"", ""Glutes""], ""equipment"": ""Barbell"", ""exercise_type"": ""Strength"", ""intensity"": ""High"", ""goals"": [""Strength""]}"
58,Goblet Squat,Exercise,"{""primary_muscles"": [""Quadriceps"", ""Glutes""], ""equipment"": ""Barbell"", ""exercise_type"": ""Strength"", ""intensity"": ""High"", ""goals"": [""Strength""]}"
59,Bulgarian Split Squat,Exercise,"{""primary_muscles"": [""Quadriceps"", ""Glutes""], ""equipment"": ""Barbell"", ""exercise_type"": ""Strength"", ""intensity"": ""High"", ""goals"": [""Strength""]}"
60,Walking Lunge,Exercise,"{""primary_muscles"": [""Quadriceps"", ""Glutes"", ""Hamstrings""], ""equipment"": ""None"", ""exercise_type"": ""Strength"", ""intensity"": ""Low"", ""goals"": [""Strength""]}"
61,Reverse Lunge,Exercise,"{""primary_muscles"": [""Quadriceps"", ""Glutes""], ""equipment"": ""None"", ""exercise_type"": ""Strength"", ""intensity"": ""Moderate"", ""goals"": [""Strength""]}"
62,Step Up,Exercise,"{""primary_muscles"": [""Quadriceps"", ""Glutes""], ""equipment"": ""None"", ""exercise_type"": ""Strength"", ""intensity"": ""Moderate"", ""goals"": [""Strength""]}"
63,Leg Press,Exercise,"{""primary_muscles"": [""Quadriceps"", ""Glutes""], ""equipment"": ""Leg Press Machine"", ""exercise_type"": ""Strength"", ""intensity"": ""Moderate"", ""goals"": [""Strength""]}"
64,Hack Squat,Exercise,"{""primary_muscles"": [""Quadriceps"", ""Glutes""], ""equipment"": ""Barbell"", ""exercise_type"": ""Strength"", ""intensity"": ""High"", ""goals"": [""Strength""]}"
65,Romanian Deadlift,Exercise,"{""primary_muscles"": [""Hamstrings"", ""Glutes""], ""equipment"": ""Barbell"", ""exercise_type"": ""Strength"", ""intensity"": ""High"", ""goals"": [""Strength""]}"
66,Stiff Leg Deadlift,Exercise,"{""primary_muscles"": [""Quadriceps"", ""Glutes""], ""equipment"": ""Barbell"", ""exercise_type"": ""Strength"", ""intensity"": ""High"", ""goals"": [""Strength""]}"
67,Sumo Deadlift,Exercise,"{""primary_muscles"": [""Quadriceps"", ""Glutes""], ""equipment"": ""Barbell"", ""exercise_type"": ""Strength"", ""intensity"": ""High"", ""goals"": [""Strength""]}"
68,Deadlift,Exercise,"{""primary_muscles"": [""Hamstrings"", ""Glutes"", ""Lower Back""], ""equipment"": ""Barbell"", ""exercise_type"": ""Strength"", ""intensity"": ""High"", ""goals"": [""Strength""]}"
69,Hip Thrust,Exercise,"{""primary_muscles"": [""Glutes""], ""equipment"": ""None"", ""exercise_type"": ""Strength"", ""intensity"": ""Moderate"", ""goals"": [""Strength""]}"
70,Glute Bridge,Exercise,"{""primary_muscles"": [""Glutes"", ""Hamstrings""], ""equipment"": ""None"", ""exercise_type"": ""Strength"", ""intensity"": ""Moderate"", ""goals"": [""Strength""]}"
71,Leg Extension,Exercise,"{""primary_muscles"": [""Quadriceps"", ""Glutes""], ""equipment"": ""None"", ""exercise_type"": ""Strength"", ""intensity"": ""Moderate"", ""goals"": [""Hypertrophy""]}"
72,Hamstring Curl,Exercise,"{""primary_muscles"": [""Biceps""], ""equipment"": ""None"", ""exercise_type"": ""Strength"", ""intensity"": ""Moderate"", ""goals"": [""Hypertrophy""]}"
73,Calf Raise,Exercise,"{""primary_muscles"": [""Core""], ""equipment"": ""None"", ""exercise_type"": ""Strength"", ""intensity"": ""Moderate"", ""goals"": [""Strength""]}"
74,Pistol Squat,Exercise,"{""primary_muscles"": [""Quadriceps"", ""Glutes""], ""equipment"": ""Barbell"", ""exercise_type"": ""Strength"", ""intensity"": ""High"", ""goals"": [""Strength""]}"
75,Box Jump,Exercise,"{""primary_muscles"": [""Core""], ""equipment"": ""None"", ""exercise_type"": ""Cardio"", ""intensity"": ""High"", ""goals"": [""Fat Loss""]}"
76,Barbell Bench Press,Exercise,"{""primary_muscles"": [""Chest"", ""Triceps"", ""Deltoids Anterior""], ""equipment"": ""Barbell"", ""exercise_type"": ""Strength"", ""intensity"": ""Moderate"", ""goals"": [""Strength""]}"
77,Dumbbell Bench Press,Exercise,"{""primary_muscles"": [""Chest"", ""Triceps""], ""equipment"": ""Dumbbell"", ""exercise_type"": ""Strength"", ""intensity"": ""Moderate"", ""goals"": [""Strength""]}"
78,Incline Bench Press,Exercise,"{""primary_muscles"": [""Chest"", ""Deltoids Anterior""], ""equipment"": ""Barbell"", ""exercise_type"": ""Strength"", ""intensity"": ""Moderate"", ""goals"": [""Strength""]}"
79,Decline Bench Press,Exercise,"{""primary_muscles"": [""Quadriceps"", ""Glutes""], ""equipment"": ""Barbell"", ""exercise_type"": ""Strength"", ""intensity"": ""Moderate"", ""goals"": [""Strength""]}"
80,Push Up,Exercise,"{""primary_muscles"": [""Chest"", ""Triceps"", ""Deltoids Anterior""], ""equipment"": ""None"", ""exercise_type"": ""Strength"", ""intensity"": ""Moderate"", ""goals"": [""Strength""]}"
81,Dips,Exercise,"{""primary_muscles"": [""Triceps""], ""equipment"": ""None"", ""exercise_type"": ""Strength"", ""intensity"": ""Moderate"", ""goals"": [""Strength""]}"
82,Dumbbell Fly,Exercise,"{""primary_muscles"": [""Chest""], ""equipment"": ""Dumbbell"", ""exercise_type"": ""Strength"", ""intensity"": ""Moderate"", ""goals"": [""Hypertrophy""]}"
83,Cable Fly,Exercise,"{""primary_muscles"": [""Chest""], ""equipment"": ""Cable Machine"", ""exercise_type"": ""Stability"", ""intensity"": ""Moderate"", ""goals"": [""Hypertrophy""]}"
84,Pec Deck,Exercise,"{""primary_muscles"": [""Chest""], ""equipment"": ""None"", ""exercise_type"": ""Strength"", ""intensity"": ""Moderate"", ""goals"": [""Strength""]}"
85,Landmine Press,Exercise,"{""primary_muscles"": [""Quadriceps"", ""Glutes""], ""equipment"": ""Barbell"", ""exercise_type"": ""Strength"", ""intensity"": ""Moderate"", ""goals"": [""Strength""]}"
86,Floor Press,Exercise,"{""primary_muscles"": [""Quadriceps"", ""Glutes""], ""equipment"": ""Barbell"", ""exercise_type"": ""Strength"", ""intensity"": ""Moderate"", ""goals"": [""Strength""]}"
87,Svend Press,Exercise,"{""primary_muscles"": [""Quadriceps"", ""Glutes""], ""equipment"": ""Barbell"", ""exercise_type"": ""Strength"", ""intensity"": ""Moderate"", ""goals"": [""Strength""]}"
88,Medicine Ball Chest Pass,Exercise,"{""primary_muscles"": [""Chest""], ""equipment"": ""None"", ""exercise_type"": ""Strength"", ""intensity"": ""Moderate"", ""goals"": [""Strength""]}"
89,Single Arm Dumbbell Press,Exercise,"{""primary_muscles"": [""Quadriceps"", ""Glutes""], ""equipment"": ""Barbell"", ""exercise_type"": ""Strength"", ""intensity"": ""Moderate"", ""goals"": [""Strength""]}"
90,Archer Push-Up,Exercise,"{""primary_muscles"": [""Chest""], ""equipment"": ""None"", ""exercise_type"": ""Strength"", ""intensity"": ""Moderate"", ""goals"": [""Strength""]}"
91,Pull-Up,Exercise,"{""primary_muscles"": [""Lats"", ""Upper Back"", ""Biceps""], ""equipment"": ""Pull-up Bar"", ""exercise_type"": ""Strength"", ""intensity"": ""Moderate"", ""goals"": [""Strength""]}"
92,Chin-Up,Exercise,"{""primary_muscles"": [""Lats"", ""Upper Back""], ""equipment"": ""Pull-up Bar"", ""exercise_type"": ""Strength"", ""intensity"": ""Moderate"", ""goals"": [""Strength""]}"
93,Lat Pulldown,Exercise,"{""primary_muscles"": [""Lats""], ""equipment"": ""Cable Machine"", ""exercise_type"": ""Strength"", ""intensity"": ""Moderate"", ""goals"": [""Strength""]}"
94,Seated Row,Exercise,"{""primary_muscles"": [""Lats"", ""Upper Back""], ""equipment"": ""Cable Machine"", ""exercise_type"": ""Cardio"", ""intensity"": ""Moderate"", ""goals"": [""Fat Loss""]}"
95,Bent Over Row,Exercise,"{""primary_muscles"": [""Lats"", ""Upper Back""], ""equipment"": ""Cable Machine"", ""exercise_type"": ""Cardio"", ""intensity"": ""Moderate"", ""goals"": [""Fat Loss""]}"
96,Dumbbell Row,Exercise,"{""primary_muscles"": [""Lats"", ""Upper Back""], ""equipment"": ""Dumbbell"", ""exercise_type"": ""Cardio"", ""intensity"": ""Moderate"", ""goals"": [""Fat Loss""]}"
97,T-Bar Row,Exercise,"{""primary_muscles"": [""Lats"", ""Upper Back""], ""equipment"": ""Cable Machine"", ""exercise_type"": ""Cardio"", ""intensity"": ""Moderate"", ""goals"": [""Fat Loss""]}"
98,Inverted Row,Exercise,"{""primary_muscles"": [""Lats"", ""Upper Back""], ""equipment"": ""Cable Machine"", ""exercise_type"": ""Cardio"", ""intensity"": ""Moderate"", ""goals"": [""Fat Loss""]}"
99,Renegade Row,Exercise,"{""primary_muscles"": [""Lats"", ""Upper Back""], ""equipment"": ""Cable Machine"", ""exercise_type"": ""Cardio"", ""intensity"": ""Moderate"", ""goals"": [""Fat Loss""]}"
100,Face Pull,Exercise,"{""primary_muscles"": [""Lats"", ""Upper Back""], ""equipment"": ""None"", ""exercise_type"": ""Strength"", ""intensity"": ""Moderate"", ""goals"": [""Strength""]}"
101,Rack Pull,Exercise,"{""primary_muscles"": [""Lats"", ""Upper Back""], ""equipment"": ""None"", ""exercise_type"": ""Strength"", ""intensity"": ""Moderate"", ""goals"": [""Strength""]}"
102,Good Morning,Exercise,"{""primary_muscles"": [""Core""], ""equipment"": ""None"", ""exercise_type"": ""Strength"", ""intensity"": ""Moderate"", ""goals"": [""Strength""]}"
103,Hyperextension,Exercise,"{""primary_muscles"": [""Core""], ""equipment"": ""None"", ""exercise_type"": ""Strength"", ""intensity"": ""Moderate"", ""goals"": [""Hypertrophy""]}"
104,Cable Pullover,Exercise,"{""primary_muscles"": [""Lats"", ""Upper Back""], ""equipment"": ""Cable Machine"", ""exercise_type"": ""Strength"", ""intensity"": ""Moderate"", ""goals"": [""Strength""]}"
105,Meadows Row,Exercise,"{""primary_muscles"": [""Lats"", ""Upper Back""], ""equipment"": ""Cable Machine"", ""exercise_type"": ""Cardio"", ""intensity"": ""Moderate"", ""goals"": [""Fat Loss""]}"
106,Overhead Press,Exercise,"{""primary_muscles"": [""Deltoids Anterior"", ""Deltoids Lateral"", ""Triceps""], ""equipment"": ""Barbell"", ""exercise_type"": ""Strength"", ""intensity"": ""Moderate"", ""goals"": [""Strength""]}"
107,Seated Dumbbell Press,Exercise,"{""primary_muscles"": [""Quadriceps"", ""Glutes""], ""equipment"": ""Barbell"", ""exercise_type"": ""Strength"", ""intensity"": ""Moderate"", ""goals"": [""Strength""]}"
108,Arnold Press,Exercise,"{""primary_muscles"": [""Quadriceps"", ""Glutes""], ""equipment"": ""Barbell"", ""exercise_type"": ""Strength"", ""intensity"": ""Moderate"", ""goals"": [""Strength""]}"
109,Push Press,Exercise,"{""primary_muscles"": [""Quadriceps"", ""Glutes""], ""equipment"": ""Barbell"", ""exercise_type"": ""Strength"", ""intensity"": ""Moderate"", ""goals"": [""Strength""]}"
110,Lateral Raise,Exercise,"{""primary_muscles"": [""Deltoids Lateral""], ""equipment"": ""None"", ""exercise_type"": ""Strength"", ""intensity"": ""Moderate"", ""goals"": [""Strength""]}"
111,Front Raise,Exercise,"{""primary_muscles"": [""Core""], ""equipment"": ""None"", ""exercise_type"": ""Strength"", ""intensity"": ""Moderate"", ""goals"": [""Strength""]}"
112,Rear Delt Fly,Exercise,"{""primary_muscles"": [""Deltoids Posterior""], ""equipment"": ""None"", ""exercise_type"": ""Strength"", ""intensity"": ""Moderate"", ""goals"": [""Hypertrophy""]}"
113,Upright Row,Exercise,"{""primary_muscles"": [""Lats"", ""Upper Back""], ""equipment"": ""Cable Machine"", ""exercise_type"": ""Cardio"", ""intensity"": ""Moderate"", ""goals"": [""Fat Loss""]}"
114,Face Pull High Row,Exercise,"{""primary_muscles"": [""Lats"", ""Upper Back""], ""equipment"": ""Cable Machine"", ""exercise_type"": ""Cardio"", ""intensity"": ""Moderate"", ""goals"": [""Fat Loss""]}"
115,Bradford Press,Exercise,"{""primary_muscles"": [""Quadriceps"", ""Glutes""], ""equipment"": ""Barbell"", ""exercise_type"": ""Strength"", ""intensity"": ""Moderate"", ""goals"": [""Strength""]}"
116,Cuban Press,Exercise,"{""primary_muscles"": [""Quadriceps"", ""Glutes""], ""equipment"": ""Barbell"", ""exercise_type"": ""Strength"", ""intensity"": ""Moderate"", ""goals"": [""Strength""]}"
117,Z Press,Exercise,"{""primary_muscles"": [""Quadriceps"", ""Glutes""], ""equipment"": ""Barbell"", ""exercise_type"": ""Strength"", ""intensity"": ""Moderate"", ""goals"": [""Strength""]}"
118,Kettlebell Overhead Press,Exercise,"{""primary_muscles"": [""Quadriceps"", ""Glutes""], ""equipment"": ""Barbell"", ""exercise_type"": ""Strength"", ""intensity"": ""Moderate"", ""goals"": [""Strength""]}"
119,Barbell Curl,Exercise,"{""primary_muscles"": [""Biceps""], ""equipment"": ""Barbell"", ""exercise_type"": ""Strength"", ""intensity"": ""Moderate"", ""goals"": [""Hypertrophy""]}"
120,Dumbbell Curl,Exercise,"{""primary_muscles"": [""Biceps""], ""equipment"": ""Dumbbell"", ""exercise_type"": ""Strength"", ""intensity"": ""Moderate"", ""goals"": [""Hypertrophy""]}"
121,Hammer Curl,Exercise,"{""primary_muscles"": [""Biceps""], ""equipment"": ""None"", ""exercise_type"": ""Strength"", ""intensity"": ""Moderate"", ""goals"": [""Hypertrophy""]}"
122,Preacher Curl,Exercise,"{""primary_muscles"": [""Biceps""], ""equipment"": ""None"", ""exercise_type"": ""Strength"", ""intensity"": ""Moderate"", ""goals"": [""Hypertrophy""]}"
123,Concentration Curl,Exercise,"{""primary_muscles"": [""Biceps""], ""equipment"": ""None"", ""exercise_type"": ""Strength"", ""intensity"": ""Moderate"", ""goals"": [""Hypertrophy""]}"
124,Cable Curl,Exercise,"{""primary_muscles"": [""Biceps""], ""equipment"": ""Cable Machine"", ""exercise_type"": ""Strength"", ""intensity"": ""Moderate"", ""goals"": [""Hypertrophy""]}"
125,Triceps Pushdown,Exercise,"{""primary_muscles"": [""Triceps""], ""equipment"": ""None"", ""exercise_type"": ""Strength"", ""intensity"": ""Moderate"", ""goals"": [""Strength""]}"
126,Overhead Triceps Extension,Exercise,"{""primary_muscles"": [""Deltoids Anterior"", ""Deltoids Lateral""], ""equipment"": ""None"", ""exercise_type"": ""Strength"", ""intensity"": ""Moderate"", ""goals"": [""Hypertrophy""]}"
127,Skull Crusher,Exercise,"{""primary_muscles"": [""Triceps""], ""equipment"": ""None"", ""exercise_type"": ""Strength"", ""intensity"": ""Moderate"", ""goals"": [""Strength""]}"
128,Close Grip Bench Press,Exercise,"{""primary_muscles"": [""Quadriceps"", ""Glutes""], ""equipment"": ""Barbell"", ""exercise_type"": ""Strength"", ""intensity"": ""Moderate"", ""goals"": [""Strength""]}"
129,Rope Pushdown,Exercise,"{""primary_muscles"": [""Chest""], ""equipment"": ""None"", ""exercise_type"": ""Strength"", ""intensity"": ""Moderate"", ""goals"": [""Strength""]}"
130,Bench Dip,Exercise,"{""primary_muscles"": [""Chest""], ""equipment"": ""Barbell"", ""exercise_type"": ""Strength"", ""intensity"": ""Moderate"", ""goals"": [""Strength""]}"
131,Plank,Exercise,"{""primary_muscles"": [""Core""], ""equipment"": ""None"", ""exercise_type"": ""Stability"", ""intensity"": ""Low"", ""goals"": [""Mobility""]}"
132,Side Plank,Exercise,"{""primary_muscles"": [""Core""], ""equipment"": ""None"", ""exercise_type"": ""Stability"", ""intensity"": ""Low"", ""goals"": [""Mobility""]}"
133,Hollow Hold,Exercise,"{""primary_muscles"": [""Core""], ""equipment"": ""None"", ""exercise_type"": ""Stability"", ""intensity"": ""Moderate"", ""goals"": [""Strength""]}"
134,Dead Bug,Exercise,"{""primary_muscles"": [""Core""], ""equipment"": ""None"", ""exercise_type"": ""Strength"", ""intensity"": ""Moderate"", ""goals"": [""Strength""]}"
135,Russian Twist,Exercise,"{""primary_muscles"": [""Obliques""], ""equipment"": ""None"", ""exercise_type"": ""Strength"", ""intensity"": ""Moderate"", ""goals"": [""Strength""]}"
136,Hanging Leg Raise,Exercise,"{""primary_muscles"": [""Quadriceps"", ""Glutes""], ""equipment"": ""None"", ""exercise_type"": ""Stability"", ""intensity"": ""Moderate"", ""goals"": [""Strength""]}"
137,Cable Woodchopper,Exercise,"{""primary_muscles"": [""Core""], ""equipment"": ""Cable Machine"", ""exercise_type"": ""Stability"", ""intensity"": ""Moderate"", ""goals"": [""Strength""]}"
138,Ab Rollout,Exercise,"{""primary_muscles"": [""Core""], ""equipment"": ""None"", ""exercise_type"": ""Stability"", ""intensity"": ""Moderate"", ""goals"": [""Strength""]}"
139,Pallof Press,Exercise,"{""primary_muscles"": [""Quadriceps"", ""Glutes""], ""equipment"": ""Barbell"", ""exercise_type"": ""Strength"", ""intensity"": ""Moderate"", ""goals"": [""Strength"", ""Mobility""]}"
140,Farmer Carry,Exercise,"{""primary_muscles"": [""Core""], ""equipment"": ""None"", ""exercise_type"": ""Mobility"", ""intensity"": ""Moderate"", ""goals"": [""Strength""]}"
141,Back Extension,Exercise,"{""primary_muscles"": [""Lats"", ""Upper Back""], ""equipment"": ""None"", ""exercise_type"": ""Strength"", ""intensity"": ""Moderate"", ""goals"": [""Hypertrophy""]}"
142,L-Sit,Exercise,"{""primary_muscles"": [""Core""], ""equipment"": ""None"", ""exercise_type"": ""Strength"", ""intensity"": ""Moderate"", ""goals"": [""Strength""]}"
143,Dragon Flag,Exercise,"{""primary_muscles"": [""Core""], ""equipment"": ""None"", ""exercise_type"": ""Strength"", ""intensity"": ""Moderate"", ""goals"": [""Strength""]}"
144,Mountain Climbers,Exercise,"{""primary_muscles"": [""Core""], ""equipment"": ""None"", ""exercise_type"": ""Strength"", ""intensity"": ""Moderate"", ""goals"": [""Strength""]}"
145,Running (Treadmill),Exercise,"{""primary_muscles"": [""Quadriceps"", ""Calves""], ""equipment"": ""Treadmill"", ""exercise_type"": ""Cardio"", ""intensity"": ""Moderate"", ""goals"": [""Fat Loss""]}"
146,Outdoor Running,Exercise,"{""primary_muscles"": [""Core""], ""equipment"": ""None"", ""exercise_type"": ""Cardio"", ""intensity"": ""Moderate"", ""goals"": [""Fat Loss""]}"
147,Cycling (Stationary),Exercise,"{""primary_muscles"": [""Quadriceps"", ""Calves""], ""equipment"": ""Cycling (Stationary)"", ""exercise_type"": ""Strength"", ""intensity"": ""Moderate"", ""goals"": [""Strength""]}"
148,Rowing (Machine),Exercise,"{""primary_muscles"": [""Lats"", ""Upper Back""], ""equipment"": ""Rowing Machine"", ""exercise_type"": ""Cardio"", ""intensity"": ""Moderate"", ""goals"": [""Fat Loss""]}"
149,Jump Rope,Exercise,"{""primary_muscles"": [""Core""], ""equipment"": ""None"", ""exercise_type"": ""Cardio"", ""intensity"": ""Moderate"", ""goals"": [""Fat Loss""]}"
150,Burpee,Exercise,"{""primary_muscles"": [""Core""], ""equipment"": ""None"", ""exercise_type"": ""Cardio"", ""intensity"": ""High"", ""goals"": [""Fat Loss""]}"
151,Sprint Interval,Exercise,"{""primary_muscles"": [""Core""], ""equipment"": ""None"", ""exercise_type"": ""Cardio"", ""intensity"": ""High"", ""goals"": [""Fat Loss""]}"
152,Hill Sprint,Exercise,"{""primary_muscles"": [""Core""], ""equipment"": ""None"", ""exercise_type"": ""Cardio"", ""intensity"": ""High"", ""goals"": [""Fat Loss""]}"
153,Battle Ropes,Exercise,"{""primary_muscles"": [""Core""], ""equipment"": ""None"", ""exercise_type"": ""Strength"", ""intensity"": ""Moderate"", ""goals"": [""Strength""]}"
154,Stair Climber,Exercise,"{""primary_muscles"": [""Core""], ""equipment"": ""None"", ""exercise_type"": ""Strength"", ""intensity"": ""Moderate"", ""goals"": [""Strength""]}"
155,Elliptical,Exercise,"{""primary_muscles"": [""Core""], ""equipment"": ""None"", ""exercise_type"": ""Strength"", ""intensity"": ""Moderate"", ""goals"": [""Strength""]}"
156,Box Jumps,Exercise,"{""primary_muscles"": [""Core""], ""equipment"": ""None"", ""exercise_type"": ""Cardio"", ""intensity"": ""High"", ""goals"": [""Fat Loss""]}"
157,Agility Ladder,Exercise,"{""primary_muscles"": [""Core""], ""equipment"": ""None"", ""exercise_type"": ""Strength"", ""intensity"": ""Moderate"", ""goals"": [""Strength""]}"
158,Dynamic Hamstring Stretch,Exercise,"{""primary_muscles"": [""Core""], ""equipment"": ""None"", ""exercise_type"": ""Mobility"", ""intensity"": ""Low"", ""goals"": [""Mobility""]}"
159,Hip Flexor Stretch,Exercise,"{""primary_muscles"": [""Quadriceps"", ""Glutes""], ""equipment"": ""None"", ""exercise_type"": ""Mobility"", ""intensity"": ""Low"", ""goals"": [""Mobility""]}"
160,Thoracic Rotation,Exercise,"{""primary_muscles"": [""Core""], ""equipment"": ""None"", ""exercise_type"": ""Strength"", ""intensity"": ""Moderate"", ""goals"": [""Strength""]}"
161,Ankle Mobility Drill,Exercise,"{""primary_muscles"": [""Core""], ""equipment"": ""None"", ""exercise_type"": ""Mobility"", ""intensity"": ""Low"", ""goals"": [""Mobility""]}"
162,Child's Pose,Exercise,"{""primary_muscles"": [""Core""], ""equipment"": ""None"", ""exercise_type"": ""Mobility"", ""intensity"": ""Low"", ""goals"": [""Strength""]}"
163,Cat-Cow,Exercise,"{""primary_muscles"": [""Core""], ""equipment"": ""None"", ""exercise_type"": ""Strength"", ""intensity"": ""Moderate"", ""goals"": [""Strength""]}"
164,Pigeon Pose,Exercise,"{""primary_muscles"": [""Core""], ""equipment"": ""None"", ""exercise_type"": ""Strength"", ""intensity"": ""Moderate"", ""goals"": [""Strength""]}"
165,90/90 Hip Switch,Exercise,"{""primary_muscles"": [""Quadriceps"", ""Glutes""], ""equipment"": ""None"", ""exercise_type"": ""Strength"", ""intensity"": ""Moderate"", ""goals"": [""Strength""]}"
166,Shoulder Dislocation (Band),Exercise,"{""primary_muscles"": [""Deltoids Anterior"", ""Deltoids Lateral""], ""equipment"": ""Resistance Band"", ""exercise_type"": ""Strength"", ""intensity"": ""Moderate"", ""goals"": [""Strength""]}"
167,World's Greatest Stretch,Exercise,"{""primary_muscles"": [""Core""], ""equipment"": ""None"", ""exercise_type"": ""Mobility"", ""intensity"": ""Low"", ""goals"": [""Mobility""]}"
168,Hang Clean,Exercise,"{""primary_muscles"": [""Hamstrings"", ""Glutes"", ""Upper Back""], ""equipment"": ""Barbell"", ""exercise_type"": ""Strength"", ""intensity"": ""High"", ""goals"": [""Strength""]}"
169,Power Clean,Exercise,"{""primary_muscles"": [""Hamstrings"", ""Glutes"", ""Upper Back""], ""equipment"": ""Barbell"", ""exercise_type"": ""Strength"", ""intensity"": ""High"", ""goals"": [""Strength""]}"
170,Clean and Jerk,Exercise,"{""primary_muscles"": [""Core""], ""equipment"": ""Barbell"", ""exercise_type"": ""Strength"", ""intensity"": ""High"", ""goals"": [""Strength""]}"
171,Snatch,Exercise,"{""primary_muscles"": [""Core""], ""equipment"": ""Barbell"", ""exercise_type"": ""Strength"", ""intensity"": ""High"", ""goals"": [""Strength""]}"
172,Push Jerk,Exercise,"{""primary_muscles"": [""Chest""], ""equipment"": ""None"", ""exercise_type"": ""Strength"", ""intensity"": ""Moderate"", ""goals"": [""Strength""]}"
173,Split Jerk,Exercise,"{""primary_muscles"": [""Core""], ""equipment"": ""None"", ""exercise_type"": ""Strength"", ""intensity"": ""Moderate"", ""goals"": [""Strength""]}"
174,Hang Snatch,Exercise,"{""primary_muscles"": [""Core""], ""equipment"": ""Barbell"", ""exercise_type"": ""Strength"", ""intensity"": ""High"", ""goals"": [""Strength""]}"
175,Power Snatch,Exercise,"{""primary_muscles"": [""Core""], ""equipment"": ""Barbell"", ""exercise_type"": ""Strength"", ""intensity"": ""High"", ""goals"": [""Strength""]}"
176,Clean Pull,Exercise,"{""primary_muscles"": [""Lats"", ""Upper Back""], ""equipment"": ""Barbell"", ""exercise_type"": ""Strength"", ""intensity"": ""High"", ""goals"": [""Strength""]}"
177,Trap Bar Jump,Exercise,"{""primary_muscles"": [""Core""], ""equipment"": ""None"", ""exercise_type"": ""Cardio"", ""intensity"": ""Moderate"", ""goals"": [""Fat Loss""]}"
178,Single Leg Romanian Deadlift,Exercise,"{""primary_muscles"": [""Quadriceps"", ""Glutes""], ""equipment"": ""Barbell"", ""exercise_type"": ""Strength"", ""intensity"": ""High"", ""goals"": [""Strength""]}"
179,TRX Row,Exercise,"{""primary_muscles"": [""Lats"", ""Upper Back""], ""equipment"": ""Cable Machine"", ""exercise_type"": ""Cardio"", ""intensity"": ""Moderate"", ""goals"": [""Fat Loss""]}"
180,TRX Single Leg Squat,Exercise,"{""primary_muscles"": [""Quadriceps"", ""Glutes""], ""equipment"": ""Barbell"", ""exercise_type"": ""Strength"", ""intensity"": ""High"", ""goals"": [""Strength""]}"
181,BOSU Squat,Exercise,"{""primary_muscles"": [""Quadriceps"", ""Glutes""], ""equipment"": ""Barbell"", ""exercise_type"": ""Strength"", ""intensity"": ""High"", ""goals"": [""Strength""]}"
182,Slackline Balance,Exercise,"{""primary_muscles"": [""Core""], ""equipment"": ""None"", ""exercise_type"": ""Strength"", ""intensity"": ""Moderate"", ""goals"": [""Mobility""]}"
183,Single Leg Balance Reach,Exercise,"{""primary_muscles"": [""Quadriceps"", ""Glutes""], ""equipment"": ""None"", ""exercise_type"": ""Strength"", ""intensity"": ""Moderate"", ""goals"": [""Mobility""]}"
184,Step Down,Exercise,"{""primary_muscles"": [""Core""], ""equipment"": ""None"", ""exercise_type"": ""Strength"", ""intensity"": ""Moderate"", ""goals"": [""Strength""]}"
185,Depth Jump,Exercise,"{""primary_muscles"": [""Core""], ""equipment"": ""None"", ""exercise_type"": ""Cardio"", ""intensity"": ""Moderate"", ""goals"": [""Fat Loss""]}"
186,Lateral Bound,Exercise,"{""primary_muscles"": [""Lats"", ""Upper Back""], ""equipment"": ""None"", ""exercise_type"": ""Strength"", ""intensity"": ""Moderate"", ""goals"": [""Strength""]}"
187,Turkish Get Up,Exercise,"{""primary_muscles"": [""Core"", ""Shoulders"", ""Glutes""], ""equipment"": ""None"", ""exercise_type"": ""Strength"", ""intensity"": ""Moderate"", ""goals"": [""Strength""]}"
188,Shoulders,MuscleGroup,{}
189,Barbell Bench Press - Incline,Exercise,"{""primary_muscles"": [""Quadriceps"", ""Glutes""], ""equipment"": ""Barbell"", ""exercise_type"": ""Strength"", ""intensity"": ""Moderate"", ""goals"": [""Strength""]}"
190,Barbell Bench Press - Decline,Exercise,"{""primary_muscles"": [""Quadriceps"", ""Glutes""], ""equipment"": ""Barbell"", ""exercise_type"": ""Strength"", ""intensity"": ""Moderate"", ""goals"": [""Strength""]}"
191,Barbell Bench Press - Single Arm,Exercise,"{""primary_muscles"": [""Quadriceps"", ""Glutes""], ""equipment"": ""Barbell"", ""exercise_type"": ""Strength"", ""intensity"": ""Moderate"", ""goals"": [""Strength""]}"
192,Barbell Bench Press - Double KB,Exercise,"{""primary_muscles"": [""Quadriceps"", ""Glutes""], ""equipment"": ""Barbell"", ""exercise_type"": ""Strength"", ""intensity"": ""Moderate"", ""goals"": [""Strength""]}"
193,Barbell Bench Press - Weighted,Exercise,"{""primary_muscles"": [""Quadriceps"", ""Glutes""], ""equipment"": ""Barbell"", ""exercise_type"": ""Strength"", ""intensity"": ""Moderate"", ""goals"": [""Strength""]}"
194,Barbell Bench Press - Bodyweight,Exercise,"{""primary_muscles"": [""Quadriceps"", ""Glutes""], ""equipment"": ""Barbell"", ""exercise_type"": ""Strength"", ""intensity"": ""Moderate"", ""goals"": [""Strength""]}"
195,Barbell Bench Press - Assisted,Exercise,"{""primary_muscles"": [""Quadriceps"", ""Glutes""], ""equipment"": ""Barbell"", ""exercise_type"": ""Strength"", ""intensity"": ""Moderate"", ""goals"": [""Strength""]}"
196,Barbell Bench Press - Pause Rep,Exercise,"{""primary_muscles"": [""Quadriceps"", ""Glutes""], ""equipment"": ""Barbell"", ""exercise_type"": ""Strength"", ""intensity"": ""Moderate"", ""goals"": [""Strength""]}"
197,Barbell Bench Press - Slow Eccentric,Exercise,"{""primary_muscles"": [""Quadriceps"", ""Glutes""], ""equipment"": ""Barbell"", ""exercise_type"": ""Strength"", ""intensity"": ""Moderate"", ""goals"": [""Strength""]}"
198,Barbell Bench Press - Tempo 3-1-3,Exercise,"{""primary_muscles"": [""Quadriceps"", ""Glutes""], ""equipment"": ""Barbell"", ""exercise_type"": ""Strength"", ""intensity"": ""Moderate"", ""goals"": [""Strength""]}"
199,Dumbbell Bench Press - Incline,Exercise,"{""primary_muscles"": [""Quadriceps"", ""Glutes""], ""equipment"": ""Barbell"", ""exercise_type"": ""Strength"", ""intensity"": ""Moderate"", ""goals"": [""Strength""]}"
200,Dumbbell Bench Press - Decline,Exercise,"{""primary_muscles"": [""Quadriceps"", ""Glutes""], ""equipment"": ""Barbell"", ""exercise_type"": ""Strength"", ""intensity"": ""Moderate"", ""goals"": [""Strength""]}"
201,Dumbbell Bench Press - Single Arm,Exercise,"{""primary_muscles"": [""Quadriceps"", ""Glutes""], ""equipment"": ""Barbell"", ""exercise_type"": ""Strength"", ""intensity"": ""Moderate"", ""goals"": [""Strength""]}"
202,Dumbbell Bench Press - Double KB,Exercise,"{""primary_muscles"": [""Quadriceps"", ""Glutes""], ""equipment"": ""Barbell"", ""exercise_type"": ""Strength"", ""intensity"": ""Moderate"", ""goals"": [""Strength""]}"
203,Dumbbell Bench Press - Weighted,Exercise,"{""primary_muscles"": [""Quadriceps"", ""Glutes""], ""equipment"": ""Barbell"", ""exercise_type"": ""Strength"", ""intensity"": ""Moderate"", ""goals"": [""Strength""]}"
204,Dumbbell Bench Press - Bodyweight,Exercise,"{""primary_muscles"": [""Quadriceps"", ""Glutes""], ""equipment"": ""Barbell"", ""exercise_type"": ""Strength"", ""intensity"": ""Moderate"", ""goals"": [""Strength""]}"
205,Dumbbell Bench Press - Assisted,Exercise,"{""primary_muscles"": [""Quadriceps"", ""Glutes""], ""equipment"": ""Barbell"", ""exercise_type"": ""Strength"", ""intensity"": ""Moderate"", ""goals"": [""Strength""]}"
206,Dumbbell Bench Press - Pause Rep,Exercise,"{""primary_muscles"": [""Quadriceps"", ""Glutes""], ""equipment"": ""Barbell"", ""exercise_type"": ""Strength"", ""intensity"": ""Moderate"", ""goals"": [""Strength""]}"
207,Dumbbell Bench Press - Slow Eccentric,Exercise,"{""primary_muscles"": [""Quadriceps"", ""Glutes""], ""equipment"": ""Barbell"", ""exercise_type"": ""Strength"", ""intensity"": ""Moderate"", ""goals"": [""Strength""]}"
208,Dumbbell Bench Press - Tempo 3-1-3,Exercise,"{""primary_muscles"": [""Quadriceps"", ""Glutes""], ""equipment"": ""Barbell"", ""exercise_type"": ""Strength"", ""intensity"": ""Moderate"", ""goals"": [""Strength""]}"
209,Push Up - Incline,Exercise,"{""primary_muscles"": [""Chest""], ""equipment"": ""None"", ""exercise_type"": ""Strength"", ""intensity"": ""Moderate"", ""goals"": [""Strength""]}"
210,Push Up - Decline,Exercise,"{""primary_muscles"": [""Chest""], ""equipment"": ""None"", ""exercise_type"": ""Strength"", ""intensity"": ""Moderate"", ""goals"": [""Strength""]}"
211,Push Up - Single Arm,Exercise,"{""primary_muscles"": [""Chest""], ""equipment"": ""None"", ""exercise_type"": ""Strength"", ""intensity"": ""Moderate"", ""goals"": [""Strength""]}"
212,Push Up - Double KB,Exercise,"{""primary_muscles"": [""Chest""], ""equipment"": ""None"", ""exercise_type"": ""Strength"", ""intensity"": ""Moderate"", ""goals"": [""Strength""]}"
213,Push Up - Weighted,Exercise,"{""primary_muscles"": [""Chest""], ""equipment"": ""None"", ""exercise_type"": ""Strength"", ""intensity"": ""Moderate"", ""goals"": [""Strength""]}"
214,Push Up - Bodyweight,Exercise,"{""primary_muscles"": [""Chest""], ""equipment"": ""None"", ""exercise_type"": ""Strength"", ""intensity"": ""Moderate"", ""goals"": [""Strength""]}"
215,Push Up - Assisted,Exercise,"{""primary_muscles"": [""Chest""], ""equipment"": ""None"", ""exercise_type"": ""Strength"", ""intensity"": ""Moderate"", ""goals"": [""Strength""]}"
216,Push Up - Pause Rep,Exercise,"{""primary_muscles"": [""Chest""], ""equipment"": ""None"", ""exercise_type"": ""Strength"", ""intensity"": ""Moderate"", ""goals"": [""Strength""]}"
217,Push Up - Slow Eccentric,Exercise,"{""primary_muscles"": [""Chest""], ""equipment"": ""None"", ""exercise_type"": ""Strength"", ""intensity"": ""Moderate"", ""goals"": [""Strength""]}"
218,Push Up - Tempo 3-1-3,Exercise,"{""primary_muscles"": [""Chest""], ""equipment"": ""None"", ""exercise_type"": ""Strength"", ""intensity"": ""Moderate"", ""goals"": [""Strength""]}"
219,Pull-Up - Incline,Exercise,"{""primary_muscles"": [""Lats"", ""Upper Back""], ""equipment"": ""None"", ""exercise_type"": ""Strength"", ""intensity"": ""Moderate"", ""goals"": [""Strength""]}"
220,Pull-Up - Decline,Exercise,"{""primary_muscles"": [""Lats"", ""Upper Back""], ""equipment"": ""None"", ""exercise_type"": ""Strength"", ""intensity"": ""Moderate"", ""goals"": [""Strength""]}"
221,Pull-Up - Single Arm,Exercise,"{""primary_muscles"": [""Lats"", ""Upper Back""], ""equipment"": ""None"", ""exercise_type"": ""Strength"", ""intensity"": ""Moderate"", ""goals"": [""Strength""]}"
222,Pull-Up - Double KB,Exercise,"{""primary_muscles"": [""Lats"", ""Upper Back""], ""equipment"": ""None"", ""exercise_type"": ""Strength"", ""intensity"": ""Moderate"", ""goals"": [""Strength""]}"
223,Pull-Up - Weighted,Exercise,"{""primary_muscles"": [""Lats"", ""Upper Back""], ""equipment"": ""None"", ""exercise_type"": ""Strength"", ""intensity"": ""Moderate"", ""goals"": [""Strength""]}"
224,Pull-Up - Bodyweight,Exercise,"{""primary_muscles"": [""Lats"", ""Upper Back""], ""equipment"": ""None"", ""exercise_type"": ""Strength"", ""intensity"": ""Moderate"", ""goals"": [""Strength""]}"
225,Pull-Up - Assisted,Exercise,"{""primary_muscles"": [""Lats"", ""Upper Back""], ""equipment"": ""None"", ""exercise_type"": ""Strength"", ""intensity"": ""Moderate"", ""goals"": [""Strength""]}"
226,Pull-Up - Pause Rep,Exercise,"{""primary_muscles"": [""Lats"", ""Upper Back""], ""equipment"": ""None"", ""exercise_type"": ""Strength"", ""intensity"": ""Moderate"", ""goals"": [""Strength""]}"
227,Pull-Up - Slow Eccentric,Exercise,"{""primary_muscles"": [""Lats"", ""Upper Back""], ""equipment"": ""None"", ""exercise_type"": ""Strength"", ""intensity"": ""Moderate"", ""goals"": [""Strength""]}"
228,Pull-Up - Tempo 3-1-3,Exercise,"{""primary_muscles"": [""Lats"", ""Upper Back""], ""equipment"": ""None"", ""exercise_type"": ""Strength"", ""intensity"": ""Moderate"", ""goals"": [""Strength""]}"
229,Lat Pulldown - Incline,Exercise,"{""primary_muscles"": [""Lats"", ""Upper Back""], ""equipment"": ""Cable Machine"", ""exercise_type"": ""Strength"", ""intensity"": ""Moderate"", ""goals"": [""Strength""]}"
230,Lat Pulldown - Decline,Exercise,"{""primary_muscles"": [""Lats"", ""Upper Back""], ""equipment"": ""Cable Machine"", ""exercise_type"": ""Strength"", ""intensity"": ""Moderate"", ""goals"": [""Strength""]}"
231,Lat Pulldown - Single Arm,Exercise,"{""primary_muscles"": [""Lats"", ""Upper Back""], ""equipment"": ""Cable Machine"", ""exercise_type"": ""Strength"", ""intensity"": ""Moderate"", ""goals"": [""Strength""]}"
232,Lat Pulldown - Double KB,Exercise,"{""primary_muscles"": [""Lats"", ""Upper Back""], ""equipment"": ""Cable Machine"", ""exercise_type"": ""Strength"", ""intensity"": ""Moderate"", ""goals"": [""Strength""]}"
233,Lat Pulldown - Weighted,Exercise,"{""primary_muscles"": [""Lats"", ""Upper Back""], ""equipment"": ""Cable Machine"", ""exercise_type"": ""Strength"", ""intensity"": ""Moderate"", ""goals"": [""Strength""]}"
234,Lat Pulldown - Bodyweight,Exercise,"{""primary_muscles"": [""Lats"", ""Upper Back""], ""equipment"": ""Cable Machine"", ""exercise_type"": ""Strength"", ""intensity"": ""Moderate"", ""goals"": [""Strength""]}"
235,Lat Pulldown - Assisted,Exercise,"{""primary_muscles"": [""Lats"", ""Upper Back""], ""equipment"": ""Cable Machine"", ""exercise_type"": ""Strength"", ""intensity"": ""Moderate"", ""goals"": [""Strength""]}"
236,Lat Pulldown - Pause Rep,Exercise,"{""primary_muscles"": [""Lats"", ""Upper Back""], ""equipment"": ""Cable Machine"", ""exercise_type"": ""Strength"", ""intensity"": ""Moderate"", ""goals"": [""Strength""]}"
237,Lat Pulldown - Slow Eccentric,Exercise,"{""primary_muscles"": [""Lats"", ""Upper Back""], ""equipment"": ""Cable Machine"", ""exercise_type"": ""Strength"", ""intensity"": ""Moderate"", ""goals"": [""Strength""]}"
238,Lat Pulldown - Tempo 3-1-3,Exercise,"{""primary_muscles"": [""Lats"", ""Upper Back""], ""equipment"": ""Cable Machine"", ""exercise_type"": ""Strength"", ""intensity"": ""Moderate"", ""goals"": [""Strength""]}"
239,Barbell Squat - Incline,Exercise,"{""primary_muscles"": [""Quadriceps"", ""Glutes""], ""equipment"": ""Barbell"", ""exercise_type"": ""Strength"", ""intensity"": ""High"", ""goals"": [""Strength""]}"
240,Barbell Squat - Decline,Exercise,"{""primary_muscles"": [""Quadriceps"", ""Glutes""], ""equipment"": ""Barbell"", ""exercise_type"": ""Strength"", ""intensity"": ""High"", ""goals"": [""Strength""]}"
241,Barbell Squat - Single Arm,Exercise,"{""primary_muscles"": [""Quadriceps"", ""Glutes""], ""equipment"": ""Barbell"", ""exercise_type"": ""Strength"", ""intensity"": ""High"", ""goals"": [""Strength""]}"
242,Barbell Squat - Double KB,Exercise,"{""primary_muscles"": [""Quadriceps"", ""Glutes""], ""equipment"": ""Barbell"", ""exercise_type"": ""Strength"", ""intensity"": ""High"", ""goals"": [""Strength""]}"
243,Barbell Squat - Weighted,Exercise,"{""primary_muscles"": [""Quadriceps"", ""Glutes""], ""equipment"": ""Barbell"", ""exercise_type"": ""Strength"", ""intensity"": ""High"", ""goals"": [""Strength""]}"
244,Barbell Squat - Bodyweight,Exercise,"{""primary_muscles"": [""Quadriceps"", ""Glutes""], ""equipment"": ""Barbell"", ""exercise_type"": ""Strength"", ""intensity"": ""High"", ""goals"": [""Strength""]}"
245,Barbell Squat - Assisted,Exercise,"{""primary_muscles"": [""Quadriceps"", ""Glutes""], ""equipment"": ""Barbell"", ""exercise_type"": ""Strength"", ""intensity"": ""High"", ""goals"": [""Strength""]}"
246,Barbell Squat - Pause Rep,Exercise,"{""primary_muscles"": [""Quadriceps"", ""Glutes""], ""equipment"": ""Barbell"", ""exercise_type"": ""Strength"", ""intensity"": ""High"", ""goals"": [""Strength""]}"
247,Barbell Squat - Slow Eccentric,Exercise,"{""primary_muscles"": [""Quadriceps"", ""Glutes""], ""equipment"": ""Barbell"", ""exercise_type"": ""Strength"", ""intensity"": ""High"", ""goals"": [""Strength""]}"
248,Barbell Squat - Tempo 3-1-3,Exercise,"{""primary_muscles"": [""Quadriceps"", ""Glutes""], ""equipment"": ""Barbell"", ""exercise_type"": ""Strength"", ""intensity"": ""High"", ""goals"": [""Strength""]}"
249,Front Squat - Incline,Exercise,"{""primary_muscles"": [""Quadriceps"", ""Glutes""], ""equipment"": ""Barbell"", ""exercise_type"": ""Strength"", ""intensity"": ""High"", ""goals"": [""Strength""]}"
250,Front Squat - Decline,Exercise,"{""primary_muscles"": [""Quadriceps"", ""Glutes""], ""equipment"": ""Barbell"", ""exercise_type"": ""Strength"", ""intensity"": ""High"", ""goals"": [""Strength""]}"
251,Front Squat - Single Arm,Exercise,"{""primary_muscles"": [""Quadriceps"", ""Glutes""], ""equipment"": ""Barbell"", ""exercise_type"": ""Strength"", ""intensity"": ""High"", ""goals"": [""Strength""]}"
252,Front Squat - Double KB,Exercise,"{""primary_muscles"": [""Quadriceps"", ""Glutes""], ""equipment"": ""Barbell"", ""exercise_type"": ""Strength"", ""intensity"": ""High"", ""goals"": [""Strength""]}"
253,Front Squat - Weighted,Exercise,"{""primary_muscles"": [""Quadriceps"", ""Glutes""], ""equipment"": ""Barbell"", ""exercise_type"": ""Strength"", ""intensity"": ""High"", ""goals"": [""Strength""]}"
254,Front Squat - Bodyweight,Exercise,"{""primary_muscles"": [""Quadriceps"", ""Glutes""], ""equipment"": ""Barbell"", ""exercise_type"": ""Strength"", ""intensity"": ""High"", ""goals"": [""Strength""]}"
255,Front Squat - Assisted,Exercise,"{""primary_muscles"": [""Quadriceps"", ""Glutes""], ""equipment"": ""Barbell"", ""exercise_type"": ""Strength"", ""intensity"": ""High"", ""goals"": [""Strength""]}"
256,Front Squat - Pause Rep,Exercise,"{""primary_muscles"": [""Quadriceps"", ""Glutes""], ""equipment"": ""Barbell"", ""exercise_type"": ""Strength"", ""intensity"": ""High"", ""goals"": [""Strength""]}"
257,Front Squat - Slow Eccentric,Exercise,"{""primary_muscles"": [""Quadriceps"", ""Glutes""], ""equipment"": ""Barbell"", ""exercise_type"": ""Strength"", ""intensity"": ""High"", ""goals"": [""Strength""]}"
258,Front Squat - Tempo 3-1-3,Exercise,"{""primary_muscles"": [""Quadriceps"", ""Glutes""], ""equipment"": ""Barbell"", ""exercise_type"": ""Strength"", ""intensity"": ""High"", ""goals"": [""Strength""]}"
259,Deadlift - Incline,Exercise,"{""primary_muscles"": [""Quadriceps"", ""Glutes""], ""equipment"": ""Barbell"", ""exercise_type"": ""Strength"", ""intensity"": ""High"", ""goals"": [""Strength""]}"
260,Deadlift - Decline,Exercise,"{""primary_muscles"": [""Quadriceps"", ""Glutes""], ""equipment"": ""Barbell"", ""exercise_type"": ""Strength"", ""intensity"": ""High"", ""goals"": [""Strength""]}"
261,Deadlift - Single Arm,Exercise,"{""primary_muscles"": [""Quadriceps"", ""Glutes""], ""equipment"": ""Barbell"", ""exercise_type"": ""Strength"", ""intensity"": ""High"", ""goals"": [""Strength""]}"
262,Deadlift - Double KB,Exercise,"{""primary_muscles"": [""Quadriceps"", ""Glutes""], ""equipment"": ""Barbell"", ""exercise_type"": ""Strength"", ""intensity"": ""High"", ""goals"": [""Strength""]}"
263,Deadlift - Weighted,Exercise,"{""primary_muscles"": [""Quadriceps"", ""Glutes""], ""equipment"": ""Barbell"", ""exercise_type"": ""Strength"", ""intensity"": ""High"", ""goals"": [""Strength""]}"
264,Deadlift - Bodyweight,Exercise,"{""primary_muscles"": [""Quadriceps"", ""Glutes""], ""equipment"": ""Barbell"", ""exercise_type"": ""Strength"", ""intensity"": ""High"", ""goals"": [""Strength""]}"
265,Deadlift - Assisted,Exercise,"{""primary_muscles"": [""Quadriceps"", ""Glutes""], ""equipment"": ""Barbell"", ""exercise_type"": ""Strength"", ""intensity"": ""High"", ""goals"": [""Strength""]}"
266,Deadlift - Pause Rep,Exercise,"{""primary_muscles"": [""Quadriceps"", ""Glutes""], ""equipment"": ""Barbell"", ""exercise_type"": ""Strength"", ""intensity"": ""High"", ""goals"": [""Strength""]}"
267,Deadlift - Slow Eccentric,Exercise,"{""primary_muscles"": [""Quadriceps"", ""Glutes""], ""equipment"": ""Barbell"", ""exercise_type"": ""Strength"", ""intensity"": ""High"", ""goals"": [""Strength""]}"
268,Deadlift - Tempo 3-1-3,Exercise,"{""primary_muscles"": [""Quadriceps"", ""Glutes""], ""equipment"": ""Barbell"", ""exercise_type"": ""Strength"", ""intensity"": ""High"", ""goals"": [""Strength""]}"
269,Romanian Deadlift - Incline,Exercise,"{""primary_muscles"": [""Quadriceps"", ""Glutes""], ""equipment"": ""Barbell"", ""exercise_type"": ""Strength"", ""intensity"": ""High"", ""goals"": [""Strength""]}"
270,Romanian Deadlift - Decline,Exercise,"{""primary_muscles"": [""Quadriceps"", ""Glutes""], ""equipment"": ""Barbell"", ""exercise_type"": ""Strength"", ""intensity"": ""High"", ""goals"": [""Strength""]}"
271,Romanian Deadlift - Single Arm,Exercise,"{""primary_muscles"": [""Quadriceps"", ""Glutes""], ""equipment"": ""Barbell"", ""exercise_type"": ""Strength"", ""intensity"": ""High"", ""goals"": [""Strength""]}"
272,Romanian Deadlift - Double KB,Exercise,"{""primary_muscles"": [""Quadriceps"", ""Glutes""], ""equipment"": ""Barbell"", ""exercise_type"": ""Strength"", ""intensity"": ""High"", ""goals"": [""Strength""]}"
273,Romanian Deadlift - Weighted,Exercise,"{""primary_muscles"": [""Quadriceps"", ""Glutes""], ""equipment"": ""Barbell"", ""exercise_type"": ""Strength"", ""intensity"": ""High"", ""goals"": [""Strength""]}"
274,Romanian Deadlift - Bodyweight,Exercise,"{""primary_muscles"": [""Quadriceps"", ""Glutes""], ""equipment"": ""Barbell"", ""exercise_type"": ""Strength"", ""intensity"": ""High"", ""goals"": [""Strength""]}"
275,Romanian Deadlift - Assisted,Exercise,"{""primary_muscles"": [""Quadriceps"", ""Glutes""], ""equipment"": ""Barbell"", ""exercise_type"": ""Strength"", ""intensity"": ""High"", ""goals"": [""Strength""]}"
276,Romanian Deadlift - Pause Rep,Exercise,"{""primary_muscles"": [""Quadriceps"", ""Glutes""], ""equipment"": ""Barbell"", ""exercise_type"": ""Strength"", ""intensity"": ""High"", ""goals"": [""Strength""]}"
277,Romanian Deadlift - Slow Eccentric,Exercise,"{""primary_muscles"": [""Quadriceps"", ""Glutes""], ""equipment"": ""Barbell"", ""exercise_type"": ""Strength"", ""intensity"": ""High"", ""goals"": [""Strength""]}"
278,Romanian Deadlift - Tempo 3-1-3,Exercise,"{""primary_muscles"": [""Quadriceps"", ""Glutes""], ""equipment"": ""Barbell"", ""exercise_type"": ""Strength"", ""intensity"": ""High"", ""goals"": [""Strength""]}"
279,Hip Thrust - Incline,Exercise,"{""primary_muscles"": [""Quadriceps"", ""Glutes""], ""equipment"": ""None"", ""exercise_type"": ""Strength"", ""intensity"": ""Moderate"", ""goals"": [""Strength""]}"
280,Hip Thrust - Decline,Exercise,"{""primary_muscles"": [""Quadriceps"", ""Glutes""], ""equipment"": ""None"", ""exercise_type"": ""Strength"", ""intensity"": ""Moderate"", ""goals"": [""Strength""]}"
281,Hip Thrust - Single Arm,Exercise,"{""primary_muscles"": [""Quadriceps"", ""Glutes""], ""equipment"": ""None"", ""exercise_type"": ""Strength"", ""intensity"": ""Moderate"", ""goals"": [""Strength""]}"
282,Hip Thrust - Double KB,Exercise,"{""primary_muscles"": [""Quadriceps"", ""Glutes""], ""equipment"": ""None"", ""exercise_type"": ""Strength"", ""intensity"": ""Moderate"", ""goals"": [""Strength""]}"
283,Hip Thrust - Weighted,Exercise,"{""primary_muscles"": [""Quadriceps"", ""Glutes""], ""equipment"": ""None"", ""exercise_type"": ""Strength"", ""intensity"": ""Moderate"", ""goals"": [""Strength""]}"
284,Hip Thrust - Bodyweight,Exercise,"{""primary_muscles"": [""Quadriceps"", ""Glutes""], ""equipment"": ""None"", ""exercise_type"": ""Strength"", ""intensity"": ""Moderate"", ""goals"": [""Strength""]}"
285,Hip Thrust - Assisted,Exercise,"{""primary_muscles"": [""Quadriceps"", ""Glutes""], ""equipment"": ""None"", ""exercise_type"": ""Strength"", ""intensity"": ""Moderate"", ""goals"": [""Strength""]}"
286,Hip Thrust - Pause Rep,Exercise,"{""primary_muscles"": [""Quadriceps"", ""Glutes""], ""equipment"": ""None"", ""exercise_type"": ""Strength"", ""intensity"": ""Moderate"", ""goals"": [""Strength""]}"
287,Hip Thrust - Slow Eccentric,Exercise,"{""primary_muscles"": [""Quadriceps"", ""Glutes""], ""equipment"": ""None"", ""exercise_type"": ""Strength"", ""intensity"": ""Moderate"", ""goals"": [""Strength""]}"
288,Hip Thrust - Tempo 3-1-3,Exercise,"{""primary_muscles"": [""Quadriceps"", ""Glutes""], ""equipment"": ""None"", ""exercise_type"": ""Strength"", ""intensity"": ""Moderate"", ""goals"": [""Strength""]}"
289,Dumbbell Row - Incline,Exercise,"{""primary_muscles"": [""Lats"", ""Upper Back""], ""equipment"": ""Dumbbell"", ""exercise_type"": ""Cardio"", ""intensity"": ""Moderate"", ""goals"": [""Fat Loss""]}"
290,Dumbbell Row - Decline,Exercise,"{""primary_muscles"": [""Lats"", ""Upper Back""], ""equipment"": ""Dumbbell"", ""exercise_type"": ""Cardio"", ""intensity"": ""Moderate"", ""goals"": [""Fat Loss""]}"
291,Dumbbell Row - Single Arm,Exercise,"{""primary_muscles"": [""Lats"", ""Upper Back""], ""equipment"": ""Dumbbell"", ""exercise_type"": ""Cardio"", ""intensity"": ""Moderate"", ""goals"": [""Fat Loss""]}"
292,Dumbbell Row - Double KB,Exercise,"{""primary_muscles"": [""Lats"", ""Upper Back""], ""equipment"": ""Dumbbell"", ""exercise_type"": ""Cardio"", ""intensity"": ""Moderate"", ""goals"": [""Fat Loss""]}"
293,Dumbbell Row - Weighted,Exercise,"{""primary_muscles"": [""Lats"", ""Upper Back""], ""equipment"": ""Dumbbell"", ""exercise_type"": ""Cardio"", ""intensity"": ""Moderate"", ""goals"": [""Fat Loss""]}"
294,Dumbbell Row - Bodyweight,Exercise,"{""primary_muscles"": [""Lats"", ""Upper Back""], ""equipment"": ""Dumbbell"", ""exercise_type"": ""Cardio"", ""intensity"": ""Moderate"", ""goals"": [""Fat Loss""]}"
295,Dumbbell Row - Assisted,Exercise,"{""primary_muscles"": [""Lats"", ""Upper Back""], ""equipment"": ""Dumbbell"", ""exercise_type"": ""Cardio"", ""intensity"": ""Moderate"", ""goals"": [""Fat Loss""]}"
296,Dumbbell Row - Pause Rep,Exercise,"{""primary_muscles"": [""Lats"", ""Upper Back""], ""equipment"": ""Dumbbell"", ""exercise_type"": ""Cardio"", ""intensity"": ""Moderate"", ""goals"": [""Fat Loss""]}"
297,Dumbbell Row - Slow Eccentric,Exercise,"{""primary_muscles"": [""Lats"", ""Upper Back""], ""equipment"": ""Dumbbell"", ""exercise_type"": ""Cardio"", ""intensity"": ""Moderate"", ""goals"": [""Fat Loss""]}"
298,Dumbbell Row - Tempo 3-1-3,Exercise,"{""primary_muscles"": [""Lats"", ""Upper Back""], ""equipment"": ""Dumbbell"", ""exercise_type"": ""Cardio"", ""intensity"": ""Moderate"", ""goals"": [""Fat Loss""]}"
299,Overhead Press - Incline,Exercise,"{""primary_muscles"": [""Quadriceps"", ""Glutes""], ""equipment"": ""Barbell"", ""exercise_type"": ""Strength"", ""intensity"": ""Moderate"", ""goals"": [""Strength""]}"
300,Overhead Press - Decline,Exercise,"{""primary_muscles"": [""Quadriceps"", ""Glutes""], ""equipment"": ""Barbell"", ""exercise_type"": ""Strength"", ""intensity"": ""Moderate"", ""goals"": [""Strength""]}"
301,Overhead Press - Single Arm,Exercise,"{""primary_muscles"": [""Quadriceps"", ""Glutes""], ""equipment"": ""Barbell"", ""exercise_type"": ""Strength"", ""intensity"": ""Moderate"", ""goals"": [""Strength""]}"
302,Overhead Press - Double KB,Exercise,"{""primary_muscles"": [""Quadriceps"", ""Glutes""], ""equipment"": ""Barbell"", ""exercise_type"": ""Strength"", ""intensity"": ""Moderate"", ""goals"": [""Strength""]}"
303,Overhead Press - Weighted,Exercise,"{""primary_muscles"": [""Quadriceps"", ""Glutes""], ""equipment"": ""Barbell"", ""exercise_type"": ""Strength"", ""intensity"": ""Moderate"", ""goals"": [""Strength""]}"
304,Overhead Press - Bodyweight,Exercise,"{""primary_muscles"": [""Quadriceps"", ""Glutes""], ""equipment"": ""Barbell"", ""exercise_type"": ""Strength"", ""intensity"": ""Moderate"", ""goals"": [""Strength""]}"
305,Overhead Press - Assisted,Exercise,"{""primary_muscles"": [""Quadriceps"", ""Glutes""], ""equipment"": ""Barbell"", ""exercise_type"": ""Strength"", ""intensity"": ""Moderate"", ""goals"": [""Strength""]}"
306,Overhead Press - Pause Rep,Exercise,"{""primary_muscles"": [""Quadriceps"", ""Glutes""], ""equipment"": ""Barbell"", ""exercise_type"": ""Strength"", ""intensity"": ""Moderate"", ""goals"": [""Strength""]}"
307,Overhead Press - Slow Eccentric,Exercise,"{""primary_muscles"": [""Quadriceps"", ""Glutes""], ""equipment"": ""Barbell"", ""exercise_type"": ""Strength"", ""intensity"": ""Moderate"", ""goals"": [""Strength""]}"
308,Overhead Press - Tempo 3-1-3,Exercise,"{""primary_muscles"": [""Quadriceps"", ""Glutes""], ""equipment"": ""Barbell"", ""exercise_type"": ""Strength"", ""intensity"": ""Moderate"", ""goals"": [""Strength""]}"
309,Lateral Raise - Incline,Exercise,"{""primary_muscles"": [""Lats"", ""Upper Back""], ""equipment"": ""None"", ""exercise_type"": ""Strength"", ""intensity"": ""Moderate"", ""goals"": [""Strength""]}"
310,Lateral Raise - Decline,Exercise,"{""primary_muscles"": [""Lats"", ""Upper Back""], ""equipment"": ""None"", ""exercise_type"": ""Strength"", ""intensity"": ""Moderate"", ""goals"": [""Strength""]}"
311,Lateral Raise - Single Arm,Exercise,"{""primary_muscles"": [""Lats"", ""Upper Back""], ""equipment"": ""None"", ""exercise_type"": ""Strength"", ""intensity"": ""Moderate"", ""goals"": [""Strength""]}"
312,Lateral Raise - Double KB,Exercise,"{""primary_muscles"": [""Lats"", ""Upper Back""], ""equipment"": ""None"", ""exercise_type"": ""Strength"", ""intensity"": ""Moderate"", ""goals"": [""Strength""]}"
313,Lateral Raise - Weighted,Exercise,"{""primary_muscles"": [""Lats"", ""Upper Back""], ""equipment"": ""None"", ""exercise_type"": ""Strength"", ""intensity"": ""Moderate"", ""goals"": [""Strength""]}"
314,Lateral Raise - Bodyweight,Exercise,"{""primary_muscles"": [""Lats"", ""Upper Back""], ""equipment"": ""None"", ""exercise_type"": ""Strength"", ""intensity"": ""Moderate"", ""goals"": [""Strength""]}"
315,Lateral Raise - Assisted,Exercise,"{""primary_muscles"": [""Lats"", ""Upper Back""], ""equipment"": ""None"", ""exercise_type"": ""Strength"", ""intensity"": ""Moderate"", ""goals"": [""Strength""]}"
316,Lateral Raise - Pause Rep,Exercise,"{""primary_muscles"": [""Lats"", ""Upper Back""], ""equipment"": ""None"", ""exercise_type"": ""Strength"", ""intensity"": ""Moderate"", ""goals"": [""Strength""]}"
317,Lateral Raise - Slow Eccentric,Exercise,"{""primary_muscles"": [""Lats"", ""Upper Back""], ""equipment"": ""None"", ""exercise_type"": ""Strength"", ""intensity"": ""Moderate"", ""goals"": [""Strength""]}"
318,Lateral Raise - Tempo 3-1-3,Exercise,"{""primary_muscles"": [""Lats"", ""Upper Back""], ""equipment"": ""None"", ""exercise_type"": ""Strength"", ""intensity"": ""Moderate"", ""goals"": [""Strength""]}"
319,Barbell Curl - Incline,Exercise,"{""primary_muscles"": [""Biceps""], ""equipment"": ""Barbell"", ""exercise_type"": ""Strength"", ""intensity"": ""Moderate"", ""goals"": [""Hypertrophy""]}"
320,Barbell Curl - Decline,Exercise,"{""primary_muscles"": [""Biceps""], ""equipment"": ""Barbell"", ""exercise_type"": ""Strength"", ""intensity"": ""Moderate"", ""goals"": [""Hypertrophy""]}"
321,Barbell Curl - Single Arm,Exercise,"{""primary_muscles"": [""Biceps""], ""equipment"": ""Barbell"", ""exercise_type"": ""Strength"", ""intensity"": ""Moderate"", ""goals"": [""Hypertrophy""]}"
322,Barbell Curl - Double KB,Exercise,"{""primary_muscles"": [""Biceps""], ""equipment"": ""Barbell"", ""exercise_type"": ""Strength"", ""intensity"": ""Moderate"", ""goals"": [""Hypertrophy""]}"
323,Barbell Curl - Weighted,Exercise,"{""primary_muscles"": [""Biceps""], ""equipment"": ""Barbell"", ""exercise_type"": ""Strength"", ""intensity"": ""Moderate"", ""goals"": [""Hypertrophy""]}"
324,Barbell Curl - Bodyweight,Exercise,"{""primary_muscles"": [""Biceps""], ""equipment"": ""Barbell"", ""exercise_type"": ""Strength"", ""intensity"": ""Moderate"", ""goals"": [""Hypertrophy""]}"
325,Barbell Curl - Assisted,Exercise,"{""primary_muscles"": [""Biceps""], ""equipment"": ""Barbell"", ""exercise_type"": ""Strength"", ""intensity"": ""Moderate"", ""goals"": [""Hypertrophy""]}"
326,Barbell Curl - Pause Rep,Exercise,"{""primary_muscles"": [""Biceps""], ""equipment"": ""Barbell"", ""exercise_type"": ""Strength"", ""intensity"": ""Moderate"", ""goals"": [""Hypertrophy""]}"
327,Barbell Curl - Slow Eccentric,Exercise,"{""primary_muscles"": [""Biceps""], ""equipment"": ""Barbell"", ""exercise_type"": ""Strength"", ""intensity"": ""Moderate"", ""goals"": [""Hypertrophy""]}"
328,Barbell Curl - Tempo 3-1-3,Exercise,"{""primary_muscles"": [""Biceps""], ""equipment"": ""Barbell"", ""exercise_type"": ""Strength"", ""intensity"": ""Moderate"", ""goals"": [""Hypertrophy""]}"
329,Triceps Pushdown - Incline,Exercise,"{""primary_muscles"": [""Chest""], ""equipment"": ""None"", ""exercise_type"": ""Strength"", ""intensity"": ""Moderate"", ""goals"": [""Strength""]}"
330,Triceps Pushdown - Decline,Exercise,"{""primary_muscles"": [""Chest""], ""equipment"": ""None"", ""exercise_type"": ""Strength"", ""intensity"": ""Moderate"", ""goals"": [""Strength""]}"
331,Triceps Pushdown - Single Arm,Exercise,"{""primary_muscles"": [""Chest""], ""equipment"": ""None"", ""exercise_type"": ""Strength"", ""intensity"": ""Moderate"", ""goals"": [""Strength""]}"
332,Triceps Pushdown - Double KB,Exercise,"{""primary_muscles"": [""Chest""], ""equipment"": ""None"", ""exercise_type"": ""Strength"", ""intensity"": ""Moderate"", ""goals"": [""Strength""]}"
333,Triceps Pushdown - Weighted,Exercise,"{""primary_muscles"": [""Chest""], ""equipment"": ""None"", ""exercise_type"": ""Strength"", ""intensity"": ""Moderate"", ""goals"": [""Strength""]}"
334,Triceps Pushdown - Bodyweight,Exercise,"{""primary_muscles"": [""Chest""], ""equipment"": ""None"", ""exercise_type"": ""Strength"", ""intensity"": ""Moderate"", ""goals"": [""Strength""]}"
335,Triceps Pushdown - Assisted,Exercise,"{""primary_muscles"": [""Chest""], ""equipment"": ""None"", ""exercise_type"": ""Strength"", ""intensity"": ""Moderate"", ""goals"": [""Strength""]}"
336,Triceps Pushdown - Pause Rep,Exercise,"{""primary_muscles"": [""Chest""], ""equipment"": ""None"", ""exercise_type"": ""Strength"", ""intensity"": ""Moderate"", ""goals"": [""Strength""]}"
337,Triceps Pushdown - Slow Eccentric,Exercise,"{""primary_muscles"": [""Chest""], ""equipment"": ""None"", ""exercise_type"": ""Strength"", ""intensity"": ""Moderate"", ""goals"": [""Strength""]}"
338,Triceps Pushdown - Tempo 3-1-3,Exercise,"{""primary_muscles"": [""Chest""], ""equipment"": ""None"", ""exercise_type"": ""Strength"", ""intensity"": ""Moderate"", ""goals"": [""Strength""]}"
339,Plank - Incline,Exercise,"{""primary_muscles"": [""Core""], ""equipment"": ""None"", ""exercise_type"": ""Stability"", ""intensity"": ""Low"", ""goals"": [""Mobility""]}"
340,Plank - Decline,Exercise,"{""primary_muscles"": [""Core""], ""equipment"": ""None"", ""exercise_type"": ""Stability"", ""intensity"": ""Low"", ""goals"": [""Mobility""]}"
341,Plank - Single Arm,Exercise,"{""primary_muscles"": [""Core""], ""equipment"": ""None"", ""exercise_type"": ""Stability"", ""intensity"": ""Low"", ""goals"": [""Mobility""]}"
342,Plank - Double KB,Exercise,"{""primary_muscles"": [""Core""], ""equipment"": ""None"", ""exercise_type"": ""Stability"", ""intensity"": ""Low"", ""goals"": [""Mobility""]}"
343,Plank - Weighted,Exercise,"{""primary_muscles"": [""Core""], ""equipment"": ""None"", ""exercise_type"": ""Stability"", ""intensity"": ""Low"", ""goals"": [""Mobility""]}"
344,Plank - Bodyweight,Exercise,"{""primary_muscles"": [""Core""], ""equipment"": ""None"", ""exercise_type"": ""Stability"", ""intensity"": ""Low"", ""goals"": [""Mobility""]}"
345,Plank - Assisted,Exercise,"{""primary_muscles"": [""Core""], ""equipment"": ""None"", ""exercise_type"": ""Stability"", ""intensity"": ""Low"", ""goals"": [""Mobility""]}"
346,Plank - Pause Rep,Exercise,"{""primary_muscles"": [""Core""], ""equipment"": ""None"", ""exercise_type"": ""Stability"", ""intensity"": ""Low"", ""goals"": [""Mobility""]}"
347,Plank - Slow Eccentric,Exercise,"{""primary_muscles"": [""Core""], ""equipment"": ""None"", ""exercise_type"": ""Stability"", ""intensity"": ""Low"", ""goals"": [""Mobility""]}"
348,Plank - Tempo 3-1-3,Exercise,"{""primary_muscles"": [""Core""], ""equipment"": ""None"", ""exercise_type"": ""Stability"", ""intensity"": ""Low"", ""goals"": [""Mobility""]}"
349,Box Jumps - Incline,Exercise,"{""primary_muscles"": [""Core""], ""equipment"": ""None"", ""exercise_type"": ""Cardio"", ""intensity"": ""High"", ""goals"": [""Fat Loss""]}"
350,Box Jumps - Decline,Exercise,"{""primary_muscles"": [""Core""], ""equipment"": ""None"", ""exercise_type"": ""Cardio"", ""intensity"": ""High"", ""goals"": [""Fat Loss""]}"
351,Box Jumps - Single Arm,Exercise,"{""primary_muscles"": [""Core""], ""equipment"": ""None"", ""exercise_type"": ""Cardio"", ""intensity"": ""High"", ""goals"": [""Fat Loss""]}"
352,Box Jumps - Double KB,Exercise,"{""primary_muscles"": [""Core""], ""equipment"": ""None"", ""exercise_type"": ""Cardio"", ""intensity"": ""High"", ""goals"": [""Fat Loss""]}"
353,Box Jumps - Weighted,Exercise,"{""primary_muscles"": [""Core""], ""equipment"": ""None"", ""exercise_type"": ""Cardio"", ""intensity"": ""High"", ""goals"": [""Fat Loss""]}"
354,Box Jumps - Bodyweight,Exercise,"{""primary_muscles"": [""Core""], ""equipment"": ""None"", ""exercise_type"": ""Cardio"", ""intensity"": ""High"", ""goals"": [""Fat Loss""]}"
355,Box Jumps - Assisted,Exercise,"{""primary_muscles"": [""Core""], ""equipment"": ""None"", ""exercise_type"": ""Cardio"", ""intensity"": ""High"", ""goals"": [""Fat Loss""]}"
356,Box Jumps - Pause Rep,Exercise,"{""primary_muscles"": [""Core""], ""equipment"": ""None"", ""exercise_type"": ""Cardio"", ""intensity"": ""High"", ""goals"": [""Fat Loss""]}"
357,Box Jumps - Slow Eccentric,Exercise,"{""primary_muscles"": [""Core""], ""equipment"": ""None"", ""exercise_type"": ""Cardio"", ""intensity"": ""High"", ""goals"": [""Fat Loss""]}"
358,Box Jumps - Tempo 3-1-3,Exercise,"{""primary_muscles"": [""Core""], ""equipment"": ""None"", ""exercise_type"": ""Cardio"", ""intensity"": ""High"", ""goals"": [""Fat Loss""]}"
359,Burpee - Incline,Exercise,"{""primary_muscles"": [""Core""], ""equipment"": ""None"", ""exercise_type"": ""Cardio"", ""intensity"": ""High"", ""goals"": [""Fat Loss""]}"
360,Burpee - Decline,Exercise,"{""primary_muscles"": [""Core""], ""equipment"": ""None"", ""exercise_type"": ""Cardio"", ""intensity"": ""High"", ""goals"": [""Fat Loss""]}"
361,Burpee - Single Arm,Exercise,"{""primary_muscles"": [""Core""], ""equipment"": ""None"", ""exercise_type"": ""Cardio"", ""intensity"": ""High"", ""goals"": [""Fat Loss""]}"
362,Burpee - Double KB,Exercise,"{""primary_muscles"": [""Core""], ""equipment"": ""None"", ""exercise_type"": ""Cardio"", ""intensity"": ""High"", ""goals"": [""Fat Loss""]}"
363,Burpee - Weighted,Exercise,"{""primary_muscles"": [""Core""], ""equipment"": ""None"", ""exercise_type"": ""Cardio"", ""intensity"": ""High"", ""goals"": [""Fat Loss""]}"
364,Burpee - Bodyweight,Exercise,"{""primary_muscles"": [""Core""], ""equipment"": ""None"", ""exercise_type"": ""Cardio"", ""intensity"": ""High"", ""goals"": [""Fat Loss""]}"
365,Burpee - Assisted,Exercise,"{""primary_muscles"": [""Core""], ""equipment"": ""None"", ""exercise_type"": ""Cardio"", ""intensity"": ""High"", ""goals"": [""Fat Loss""]}"
366,Burpee - Pause Rep,Exercise,"{""primary_muscles"": [""Core""], ""equipment"": ""None"", ""exercise_type"": ""Cardio"", ""intensity"": ""High"", ""goals"": [""Fat Loss""]}"
367,Burpee - Slow Eccentric,Exercise,"{""primary_muscles"": [""Core""], ""equipment"": ""None"", ""exercise_type"": ""Cardio"", ""intensity"": ""High"", ""goals"": [""Fat Loss""]}"
368,Burpee - Tempo 3-1-3,Exercise,"{""primary_muscles"": [""Core""], ""equipment"": ""None"", ""exercise_type"": ""Cardio"", ""intensity"": ""High"", ""goals"": [""Fat Loss""]}"
369,Kettlebell Swing,Exercise,"{""primary_muscles"": [""Core""], ""equipment"": ""Kettlebell"", ""exercise_type"": ""Strength"", ""intensity"": ""High"", ""goals"": [""Strength""]}"
370,Kettlebell Swing - Incline,Exercise,"{""primary_muscles"": [""Core""], ""equipment"": ""Kettlebell"", ""exercise_type"": ""Strength"", ""intensity"": ""High"", ""goals"": [""Strength""]}"
371,Kettlebell Swing - Decline,Exercise,"{""primary_muscles"": [""Core""], ""equipment"": ""Kettlebell"", ""exercise_type"": ""Strength"", ""intensity"": ""High"", ""goals"": [""Strength""]}"
372,Kettlebell Swing - Single Arm,Exercise,"{""primary_muscles"": [""Core""], ""equipment"": ""Kettlebell"", ""exercise_type"": ""Strength"", ""intensity"": ""High"", ""goals"": [""Strength""]}"
373,Kettlebell Swing - Double KB,Exercise,"{""primary_muscles"": [""Core""], ""equipment"": ""Kettlebell"", ""exercise_type"": ""Strength"", ""intensity"": ""High"", ""goals"": [""Strength""]}"
374,Kettlebell Swing - Weighted,Exercise,"{""primary_muscles"": [""Core""], ""equipment"": ""Kettlebell"", ""exercise_type"": ""Strength"", ""intensity"": ""High"", ""goals"": [""Strength""]}"
375,Kettlebell Swing - Bodyweight,Exercise,"{""primary_muscles"": [""Core""], ""equipment"": ""Kettlebell"", ""exercise_type"": ""Strength"", ""intensity"": ""High"", ""goals"": [""Strength""]}"
376,Kettlebell Swing - Assisted,Exercise,"{""primary_muscles"": [""Core""], ""equipment"": ""Kettlebell"", ""exercise_type"": ""Strength"", ""intensity"": ""High"", ""goals"": [""Strength""]}"
377,Kettlebell Swing - Pause Rep,Exercise,"{""primary_muscles"": [""Core""], ""equipment"": ""Kettlebell"", ""exercise_type"": ""Strength"", ""intensity"": ""High"", ""goals"": [""Strength""]}"
378,Kettlebell Swing - Slow Eccentric,Exercise,"{""primary_muscles"": [""Core""], ""equipment"": ""Kettlebell"", ""exercise_type"": ""Strength"", ""intensity"": ""High"", ""goals"": [""Strength""]}"
379,Kettlebell Swing - Tempo 3-1-3,Exercise,"{""primary_muscles"": [""Core""], ""equipment"": ""Kettlebell"", ""exercise_type"": ""Strength"", ""intensity"": ""High"", ""goals"": [""Strength""]}"
380,Hang Clean - Incline,Exercise,"{""primary_muscles"": [""Core""], ""equipment"": ""Barbell"", ""exercise_type"": ""Strength"", ""intensity"": ""High"", ""goals"": [""Strength""]}"
381,Hang Clean - Decline,Exercise,"{""primary_muscles"": [""Core""], ""equipment"": ""Barbell"", ""exercise_type"": ""Strength"", ""intensity"": ""High"", ""goals"": [""Strength""]}"
382,Hang Clean - Single Arm,Exercise,"{""primary_muscles"": [""Core""], ""equipment"": ""Barbell"", ""exercise_type"": ""Strength"", ""intensity"": ""High"", ""goals"": [""Strength""]}"
383,Hang Clean - Double KB,Exercise,"{""primary_muscles"": [""Core""], ""equipment"": ""Barbell"", ""exercise_type"": ""Strength"", ""intensity"": ""High"", ""goals"": [""Strength""]}"
384,Hang Clean - Weighted,Exercise,"{""primary_muscles"": [""Core""], ""equipment"": ""Barbell"", ""exercise_type"": ""Strength"", ""intensity"": ""High"", ""goals"": [""Strength""]}"
385,Hang Clean - Bodyweight,Exercise,"{""primary_muscles"": [""Core""], ""equipment"": ""Barbell"", ""exercise_type"": ""Strength"", ""intensity"": ""High"", ""goals"": [""Strength""]}"
386,Hang Clean - Assisted,Exercise,"{""primary_muscles"": [""Core""], ""equipment"": ""Barbell"", ""exercise_type"": ""Strength"", ""intensity"": ""High"", ""goals"": [""Strength""]}"
387,Hang Clean - Pause Rep,Exercise,"{""primary_muscles"": [""Core""], ""equipment"": ""Barbell"", ""exercise_type"": ""Strength"", ""intensity"": ""High"", ""goals"": [""Strength""]}"
388,Hang Clean - Slow Eccentric,Exercise,"{""primary_muscles"": [""Core""], ""equipment"": ""Barbell"", ""exercise_type"": ""Strength"", ""intensity"": ""High"", ""goals"": [""Strength""]}"
389,Hang Clean - Tempo 3-1-3,Exercise,"{""primary_muscles"": [""Core""], ""equipment"": ""Barbell"", ""exercise_type"": ""Strength"", ""intensity"": ""High"", ""goals"": [""Strength""]}"
390,TRX Row - Incline,Exercise,"{""primary_muscles"": [""Lats"", ""Upper Back""], ""equipment"": ""Cable Machine"", ""exercise_type"": ""Cardio"", ""intensity"": ""Moderate"", ""goals"": [""Fat Loss""]}"
391,TRX Row - Decline,Exercise,"{""primary_muscles"": [""Lats"", ""Upper Back""], ""equipment"": ""Cable Machine"", ""exercise_type"": ""Cardio"", ""intensity"": ""Moderate"", ""goals"": [""Fat Loss""]}"
392,TRX Row - Single Arm,Exercise,"{""primary_muscles"": [""Lats"", ""Upper Back""], ""equipment"": ""Cable Machine"", ""exercise_type"": ""Cardio"", ""intensity"": ""Moderate"", ""goals"": [""Fat Loss""]}"
393,TRX Row - Double KB,Exercise,"{""primary_muscles"": [""Lats"", ""Upper Back""], ""equipment"": ""Cable Machine"", ""exercise_type"": ""Cardio"", ""intensity"": ""Moderate"", ""goals"": [""Fat Loss""]}"
394,TRX Row - Weighted,Exercise,"{""primary_muscles"": [""Lats"", ""Upper Back""], ""equipment"": ""Cable Machine"", ""exercise_type"": ""Cardio"", ""intensity"": ""Moderate"", ""goals"": [""Fat Loss""]}"
395,TRX Row - Bodyweight,Exercise,"{""primary_muscles"": [""Lats"", ""Upper Back""], ""equipment"": ""Cable Machine"", ""exercise_type"": ""Cardio"", ""intensity"": ""Moderate"", ""goals"": [""Fat Loss""]}"
396,TRX Row - Assisted,Exercise,"{""primary_muscles"": [""Lats"", ""Upper Back""], ""equipment"": ""Cable Machine"", ""exercise_type"": ""Cardio"", ""intensity"": ""Moderate"", ""goals"": [""Fat Loss""]}"
397,TRX Row - Pause Rep,Exercise,"{""primary_muscles"": [""Lats"", ""Upper Back""], ""equipment"": ""Cable Machine"", ""exercise_type"": ""Cardio"", ""intensity"": ""Moderate"", ""goals"": [""Fat Loss""]}"
398,TRX Row - Slow Eccentric,Exercise,"{""primary_muscles"": [""Lats"", ""Upper Back""], ""equipment"": ""Cable Machine"", ""exercise_type"": ""Cardio"", ""intensity"": ""Moderate"", ""goals"": [""Fat Loss""]}"
399,TRX Row - Tempo 3-1-3,Exercise,"{""primary_muscles"": [""Lats"", ""Upper Back""], ""equipment"": ""Cable Machine"", ""exercise_type"": ""Cardio"", ""intensity"": ""Moderate"", ""goals"": [""Fat Loss""]}"
400,Single Leg Romanian Deadlift - Incline,Exercise,"{""primary_muscles"": [""Quadriceps"", ""Glutes""], ""equipment"": ""Barbell"", ""exercise_type"": ""Strength"", ""intensity"": ""High"", ""goals"": [""Strength""]}"
401,Single Leg Romanian Deadlift - Decline,Exercise,"{""primary_muscles"": [""Quadriceps"", ""Glutes""], ""equipment"": ""Barbell"", ""exercise_type"": ""Strength"", ""intensity"": ""High"", ""goals"": [""Strength""]}"
402,Single Leg Romanian Deadlift - Single Arm,Exercise,"{""primary_muscles"": [""Quadriceps"", ""Glutes""], ""equipment"": ""Barbell"", ""exercise_type"": ""Strength"", ""intensity"": ""High"", ""goals"": [""Strength""]}"
403,Single Leg Romanian Deadlift - Double KB,Exercise,"{""primary_muscles"": [""Quadriceps"", ""Glutes""], ""equipment"": ""Barbell"", ""exercise_type"": ""Strength"", ""intensity"": ""High"", ""goals"": [""Strength""]}"
404,Single Leg Romanian Deadlift - Weighted,Exercise,"{""primary_muscles"": [""Quadriceps"", ""Glutes""], ""equipment"": ""Barbell"", ""exercise_type"": ""Strength"", ""intensity"": ""High"", ""goals"": [""Strength""]}"
405,Single Leg Romanian Deadlift - Bodyweight,Exercise,"{""primary_muscles"": [""Quadriceps"", ""Glutes""], ""equipment"": ""Barbell"", ""exercise_type"": ""Strength"", ""intensity"": ""High"", ""goals"": [""Strength""]}"
406,Single Leg Romanian Deadlift - Assisted,Exercise,"{""primary_muscles"": [""Quadriceps"", ""Glutes""], ""equipment"": ""Barbell"", ""exercise_type"": ""Strength"", ""intensity"": ""High"", ""goals"": [""Strength""]}"
407,Single Leg Romanian Deadlift - Pause Rep,Exercise,"{""primary_muscles"": [""Quadriceps"", ""Glutes""], ""equipment"": ""Barbell"", ""exercise_type"": ""Strength"", ""intensity"": ""High"", ""goals"": [""Strength""]}"
408,Single Leg Romanian Deadlift - Slow Eccentric,Exercise,"{""primary_muscles"": [""Quadriceps"", ""Glutes""], ""equipment"": ""Barbell"", ""exercise_type"": ""Strength"", ""intensity"": ""High"", ""goals"": [""Strength""]}"
409,Single Leg Romanian Deadlift - Tempo 3-1-3,Exercise,"{""primary_muscles"": [""Quadriceps"", ""Glutes""], ""equipment"": ""Barbell"", ""exercise_type"": ""Strength"", ""intensity"": ""High"", ""goals"": [""Strength""]}"
410,Leg Press - Incline,Exercise,"{""primary_muscles"": [""Quadriceps"", ""Glutes""], ""equipment"": ""Barbell"", ""exercise_type"": ""Strength"", ""intensity"": ""Moderate"", ""goals"": [""Strength""]}"
411,Leg Press - Decline,Exercise,"{""primary_muscles"": [""Quadriceps"", ""Glutes""], ""equipment"": ""Barbell"", ""exercise_type"": ""Strength"", ""intensity"": ""Moderate"", ""goals"": [""Strength""]}"
412,Leg Press - Single Arm,Exercise,"{""primary_muscles"": [""Quadriceps"", ""Glutes""], ""equipment"": ""Barbell"", ""exercise_type"": ""Strength"", ""intensity"": ""Moderate"", ""goals"": [""Strength""]}"
413,Leg Press - Double KB,Exercise,"{""primary_muscles"": [""Quadriceps"", ""Glutes""], ""equipment"": ""Barbell"", ""exercise_type"": ""Strength"", ""intensity"": ""Moderate"", ""goals"": [""Strength""]}"
414,Leg Press - Weighted,Exercise,"{""primary_muscles"": [""Quadriceps"", ""Glutes""], ""equipment"": ""Barbell"", ""exercise_type"": ""Strength"", ""intensity"": ""Moderate"", ""goals"": [""Strength""]}"
415,Leg Press - Bodyweight,Exercise,"{""primary_muscles"": [""Quadriceps"", ""Glutes""], ""equipment"": ""Barbell"", ""exercise_type"": ""Strength"", ""intensity"": ""Moderate"", ""goals"": [""Strength""]}"
416,Leg Press - Assisted,Exercise,"{""primary_muscles"": [""Quadriceps"", ""Glutes""], ""equipment"": ""Barbell"", ""exercise_type"": ""Strength"", ""intensity"": ""Moderate"", ""goals"": [""Strength""]}"
417,Leg Press - Pause Rep,Exercise,"{""primary_muscles"": [""Quadriceps"", ""Glutes""], ""equipment"": ""Barbell"", ""exercise_type"": ""Strength"", ""intensity"": ""Moderate"", ""goals"": [""Strength""]}"
418,Leg Press - Slow Eccentric,Exercise,"{""primary_muscles"": [""Quadriceps"", ""Glutes""], ""equipment"": ""Barbell"", ""exercise_type"": ""Strength"", ""intensity"": ""Moderate"", ""goals"": [""Strength""]}"
419,Leg Press - Tempo 3-1-3,Exercise,"{""primary_muscles"": [""Quadriceps"", ""Glutes""], ""equipment"": ""Barbell"", ""exercise_type"": ""Strength"", ""intensity"": ""Moderate"", ""goals"": [""Strength""]}"
420,Calf Raise - Incline,Exercise,"{""primary_muscles"": [""Core""], ""equipment"": ""None"", ""exercise_type"": ""Strength"", ""intensity"": ""Moderate"", ""goals"": [""Strength""]}"
421,Calf Raise - Decline,Exercise,"{""primary_muscles"": [""Core""], ""equipment"": ""None"", ""exercise_type"": ""Strength"", ""intensity"": ""Moderate"", ""goals"": [""Strength""]}"
422,Calf Raise - Single Arm,Exercise,"{""primary_muscles"": [""Core""], ""equipment"": ""None"", ""exercise_type"": ""Strength"", ""intensity"": ""Moderate"", ""goals"": [""Strength""]}"
423,Calf Raise - Double KB,Exercise,"{""primary_muscles"": [""Core""], ""equipment"": ""None"", ""exercise_type"": ""Strength"", ""intensity"": ""Moderate"", ""goals"": [""Strength""]}"
424,Calf Raise - Weighted,Exercise,"{""primary_muscles"": [""Core""], ""equipment"": ""None"", ""exercise_type"": ""Strength"", ""intensity"": ""Moderate"", ""goals"": [""Strength""]}"
425,Calf Raise - Bodyweight,Exercise,"{""primary_muscles"": [""Core""], ""equipment"": ""None"", ""exercise_type"": ""Strength"", ""intensity"": ""Moderate"", ""goals"": [""Strength""]}"
426,Calf Raise - Assisted,Exercise,"{""primary_muscles"": [""Core""], ""equipment"": ""None"", ""exercise_type"": ""Strength"", ""intensity"": ""Moderate"", ""goals"": [""Strength""]}"
427,Calf Raise - Pause Rep,Exercise,"{""primary_muscles"": [""Core""], ""equipment"": ""None"", ""exercise_type"": ""Strength"", ""intensity"": ""Moderate"", ""goals"": [""Strength""]}"
428,Calf Raise - Slow Eccentric,Exercise,"{""primary_muscles"": [""Core""], ""equipment"": ""None"", ""exercise_type"": ""Strength"", ""intensity"": ""Moderate"", ""goals"": [""Strength""]}"
429,Calf Raise - Tempo 3-1-3,Exercise,"{""primary_muscles"": [""Core""], ""equipment"": ""None"", ""exercise_type"": ""Strength"", ""intensity"": ""Moderate"", ""goals"": [""Strength""]}"
430,Incline Bench Press - Incline,Exercise,"{""primary_muscles"": [""Quadriceps"", ""Glutes""], ""equipment"": ""Barbell"", ""exercise_type"": ""Strength"", ""intensity"": ""Moderate"", ""goals"": [""Strength""]}"
431,Incline Bench Press - Decline,Exercise,"{""primary_muscles"": [""Quadriceps"", ""Glutes""], ""equipment"": ""Barbell"", ""exercise_type"": ""Strength"", ""intensity"": ""Moderate"", ""goals"": [""Strength""]}"
432,Incline Bench Press - Single Arm,Exercise,"{""primary_muscles"": [""Quadriceps"", ""Glutes""], ""equipment"": ""Barbell"", ""exercise_type"": ""Strength"", ""intensity"": ""Moderate"", ""goals"": [""Strength""]}"
433,Incline Bench Press - Double KB,Exercise,"{""primary_muscles"": [""Quadriceps"", ""Glutes""], ""equipment"": ""Barbell"", ""exercise_type"": ""Strength"", ""intensity"": ""Moderate"", ""goals"": [""Strength""]}"
434,Incline Bench Press - Weighted,Exercise,"{""primary_muscles"": [""Quadriceps"", ""Glutes""], ""equipment"": ""Barbell"", ""exercise_type"": ""Strength"", ""intensity"": ""Moderate"", ""goals"": [""Strength""]}"
435,Incline Bench Press - Bodyweight,Exercise,"{""primary_muscles"": [""Quadriceps"", ""Glutes""], ""equipment"": ""Barbell"", ""exercise_type"": ""Strength"", ""intensity"": ""Moderate"", ""goals"": [""Strength""]}"
436,Incline Bench Press - Assisted,Exercise,"{""primary_muscles"": [""Quadriceps"", ""Glutes""], ""equipment"": ""Barbell"", ""exercise_type"": ""Strength"", ""intensity"": ""Moderate"", ""goals"": [""Strength""]}"
437,Incline Bench Press - Pause Rep,Exercise,"{""primary_muscles"": [""Quadriceps"", ""Glutes""], ""equipment"": ""Barbell"", ""exercise_type"": ""Strength"", ""intensity"": ""Moderate"", ""goals"": [""Strength""]}"
438,Incline Bench Press - Slow Eccentric,Exercise,"{""primary_muscles"": [""Quadriceps"", ""Glutes""], ""equipment"": ""Barbell"", ""exercise_type"": ""Strength"", ""intensity"": ""Moderate"", ""goals"": [""Strength""]}"
439,Incline Bench Press - Tempo 3-1-3,Exercise,"{""primary_muscles"": [""Quadriceps"", ""Glutes""], ""equipment"": ""Barbell"", ""exercise_type"": ""Strength"", ""intensity"": ""Moderate"", ""goals"": [""Strength""]}"
440,Dips - Incline,Exercise,"{""primary_muscles"": [""Triceps""], ""equipment"": ""None"", ""exercise_type"": ""Strength"", ""intensity"": ""Moderate"", ""goals"": [""Strength""]}"
441,Dips - Decline,Exercise,"{""primary_muscles"": [""Triceps""], ""equipment"": ""None"", ""exercise_type"": ""Strength"", ""intensity"": ""Moderate"", ""goals"": [""Strength""]}"
442,Dips - Single Arm,Exercise,"{""primary_muscles"": [""Triceps""], ""equipment"": ""None"", ""exercise_type"": ""Strength"", ""intensity"": ""Moderate"", ""goals"": [""Strength""]}"
443,Dips - Double KB,Exercise,"{""primary_muscles"": [""Triceps""], ""equipment"": ""None"", ""exercise_type"": ""Strength"", ""intensity"": ""Moderate"", ""goals"": [""Strength""]}"
444,Dips - Weighted,Exercise,"{""primary_muscles"": [""Triceps""], ""equipment"": ""None"", ""exercise_type"": ""Strength"", ""intensity"": ""Moderate"", ""goals"": [""Strength""]}"
445,Dips - Bodyweight,Exercise,"{""primary_muscles"": [""Triceps""], ""equipment"": ""None"", ""exercise_type"": ""Strength"", ""intensity"": ""Moderate"", ""goals"": [""Strength""]}"
446,Dips - Assisted,Exercise,"{""primary_muscles"": [""Triceps""], ""equipment"": ""None"", ""exercise_type"": ""Strength"", ""intensity"": ""Moderate"", ""goals"": [""Strength""]}"
447,Dips - Pause Rep,Exercise,"{""primary_muscles"": [""Triceps""], ""equipment"": ""None"", ""exercise_type"": ""Strength"", ""intensity"": ""Moderate"", ""goals"": [""Strength""]}"
448,Dips - Slow Eccentric,Exercise,"{""primary_muscles"": [""Triceps""], ""equipment"": ""None"", ""exercise_type"": ""Strength"", ""intensity"": ""Moderate"", ""goals"": [""Strength""]}"
449,Dips - Tempo 3-1-3,Exercise,"{""primary_muscles"": [""Triceps""], ""equipment"": ""None"", ""exercise_type"": ""Strength"", ""intensity"": ""Moderate"", ""goals"": [""Strength""]}"
450,Seated Row - Incline,Exercise,"{""primary_muscles"": [""Lats"", ""Upper Back""], ""equipment"": ""Cable Machine"", ""exercise_type"": ""Cardio"", ""intensity"": ""Moderate"", ""goals"": [""Fat Loss""]}"
451,Seated Row - Decline,Exercise,"{""primary_muscles"": [""Lats"", ""Upper Back""], ""equipment"": ""Cable Machine"", ""exercise_type"": ""Cardio"", ""intensity"": ""Moderate"", ""goals"": [""Fat Loss""]}"
452,Seated Row - Single Arm,Exercise,"{""primary_muscles"": [""Lats"", ""Upper Back""], ""equipment"": ""Cable Machine"", ""exercise_type"": ""Cardio"", ""intensity"": ""Moderate"", ""goals"": [""Fat Loss""]}"
453,Seated Row - Double KB,Exercise,"{""primary_muscles"": [""Lats"", ""Upper Back""], ""equipment"": ""Cable Machine"", ""exercise_type"": ""Cardio"", ""intensity"": ""Moderate"", ""goals"": [""Fat Loss""]}"
454,Seated Row - Weighted,Exercise,"{""primary_muscles"": [""Lats"", ""Upper Back""], ""equipment"": ""Cable Machine"", ""exercise_type"": ""Cardio"", ""intensity"": ""Moderate"", ""goals"": [""Fat Loss""]}"
455,Seated Row - Bodyweight,Exercise,"{""primary_muscles"": [""Lats"", ""Upper Back""], ""equipment"": ""Cable Machine"", ""exercise_type"": ""Cardio"", ""intensity"": ""Moderate"", ""goals"": [""Fat Loss""]}"
456,Seated Row - Assisted,Exercise,"{""primary_muscles"": [""Lats"", ""Upper Back""], ""equipment"": ""Cable Machine"", ""exercise_type"": ""Cardio"", ""intensity"": ""Moderate"", ""goals"": [""Fat Loss""]}"
457,Seated Row - Pause Rep,Exercise,"{""primary_muscles"": [""Lats"", ""Upper Back""], ""equipment"": ""Cable Machine"", ""exercise_type"": ""Cardio"", ""intensity"": ""Moderate"", ""goals"": [""Fat Loss""]}"
458,Seated Row - Slow Eccentric,Exercise,"{""primary_muscles"": [""Lats"", ""Upper Back""], ""equipment"": ""Cable Machine"", ""exercise_type"": ""Cardio"", ""intensity"": ""Moderate"", ""goals"": [""Fat Loss""]}"
459,Seated Row - Tempo 3-1-3,Exercise,"{""primary_muscles"": [""Lats"", ""Upper Back""], ""equipment"": ""Cable Machine"", ""exercise_type"": ""Cardio"", ""intensity"": ""Moderate"", ""goals"": [""Fat Loss""]}"
460,Cable Fly - Incline,Exercise,"{""primary_muscles"": [""Chest""], ""equipment"": ""Cable Machine"", ""exercise_type"": ""Stability"", ""intensity"": ""Moderate"", ""goals"": [""Hypertrophy""]}"
461,Cable Fly - Decline,Exercise,"{""primary_muscles"": [""Chest""], ""equipment"": ""Cable Machine"", ""exercise_type"": ""Stability"", ""intensity"": ""Moderate"", ""goals"": [""Hypertrophy""]}"
462,Cable Fly - Single Arm,Exercise,"{""primary_muscles"": [""Chest""], ""equipment"": ""Cable Machine"", ""exercise_type"": ""Stability"", ""intensity"": ""Moderate"", ""goals"": [""Hypertrophy""]}"
463,Cable Fly - Double KB,Exercise,"{""primary_muscles"": [""Chest""], ""equipment"": ""Cable Machine"", ""exercise_type"": ""Stability"", ""intensity"": ""Moderate"", ""goals"": [""Hypertrophy""]}"
464,Cable Fly - Weighted,Exercise,"{""primary_muscles"": [""Chest""], ""equipment"": ""Cable Machine"", ""exercise_type"": ""Stability"", ""intensity"": ""Moderate"", ""goals"": [""Hypertrophy""]}"
465,Cable Fly - Bodyweight,Exercise,"{""primary_muscles"": [""Chest""], ""equipment"": ""Cable Machine"", ""exercise_type"": ""Stability"", ""intensity"": ""Moderate"", ""goals"": [""Hypertrophy""]}"
466,Cable Fly - Assisted,Exercise,"{""primary_muscles"": [""Chest""], ""equipment"": ""Cable Machine"", ""exercise_type"": ""Stability"", ""intensity"": ""Moderate"", ""goals"": [""Hypertrophy""]}"
467,Cable Fly - Pause Rep,Exercise,"{""primary_muscles"": [""Chest""], ""equipment"": ""Cable Machine"", ""exercise_type"": ""Stability"", ""intensity"": ""Moderate"", ""goals"": [""Hypertrophy""]}"
468,Cable Fly - Slow Eccentric,Exercise,"{""primary_muscles"": [""Chest""], ""equipment"": ""Cable Machine"", ""exercise_type"": ""Stability"", ""intensity"": ""Moderate"", ""goals"": [""Hypertrophy""]}"
469,Cable Fly - Tempo 3-1-3,Exercise,"{""primary_muscles"": [""Chest""], ""equipment"": ""Cable Machine"", ""exercise_type"": ""Stability"", ""intensity"": ""Moderate"", ""goals"": [""Hypertrophy""]}"
470,Face Pull - Incline,Exercise,"{""primary_muscles"": [""Lats"", ""Upper Back""], ""equipment"": ""None"", ""exercise_type"": ""Strength"", ""intensity"": ""Moderate"", ""goals"": [""Strength""]}"
471,Face Pull - Decline,Exercise,"{""primary_muscles"": [""Lats"", ""Upper Back""], ""equipment"": ""None"", ""exercise_type"": ""Strength"", ""intensity"": ""Moderate"", ""goals"": [""Strength""]}"
472,Face Pull - Single Arm,Exercise,"{""primary_muscles"": [""Lats"", ""Upper Back""], ""equipment"": ""None"", ""exercise_type"": ""Strength"", ""intensity"": ""Moderate"", ""goals"": [""Strength""]}"
473,Face Pull - Double KB,Exercise,"{""primary_muscles"": [""Lats"", ""Upper Back""], ""equipment"": ""None"", ""exercise_type"": ""Strength"", ""intensity"": ""Moderate"", ""goals"": [""Strength""]}"
474,Face Pull - Weighted,Exercise,"{""primary_muscles"": [""Lats"", ""Upper Back""], ""equipment"": ""None"", ""exercise_type"": ""Strength"", ""intensity"": ""Moderate"", ""goals"": [""Strength""]}"
475,Face Pull - Bodyweight,Exercise,"{""primary_muscles"": [""Lats"", ""Upper Back""], ""equipment"": ""None"", ""exercise_type"": ""Strength"", ""intensity"": ""Moderate"", ""goals"": [""Strength""]}"
476,Face Pull - Assisted,Exercise,"{""primary_muscles"": [""Lats"", ""Upper Back""], ""equipment"": ""None"", ""exercise_type"": ""Strength"", ""intensity"": ""Moderate"", ""goals"": [""Strength""]}"
477,Face Pull - Pause Rep,Exercise,"{""primary_muscles"": [""Lats"", ""Upper Back""], ""equipment"": ""None"", ""exercise_type"": ""Strength"", ""intensity"": ""Moderate"", ""goals"": [""Strength""]}"
478,Face Pull - Slow Eccentric,Exercise,"{""primary_muscles"": [""Lats"", ""Upper Back""], ""equipment"": ""None"", ""exercise_type"": ""Strength"", ""intensity"": ""Moderate"", ""goals"": [""Strength""]}"
479,Face Pull - Tempo 3-1-3,Exercise,"{""primary_muscles"": [""Lats"", ""Upper Back""], ""equipment"": ""None"", ""exercise_type"": ""Strength"", ""intensity"": ""Moderate"", ""goals"": [""Strength""]}"
480,Goblet Squat - Incline,Exercise,"{""primary_muscles"": [""Quadriceps"", ""Glutes""], ""equipment"": ""Barbell"", ""exercise_type"": ""Strength"", ""intensity"": ""High"", ""goals"": [""Strength""]}"
481,Goblet Squat - Decline,Exercise,"{""primary_muscles"": [""Quadriceps"", ""Glutes""], ""equipment"": ""Barbell"", ""exercise_type"": ""Strength"", ""intensity"": ""High"", ""goals"": [""Strength""]}"
482,Goblet Squat - Single Arm,Exercise,"{""primary_muscles"": [""Quadriceps"", ""Glutes""], ""equipment"": ""Barbell"", ""exercise_type"": ""Strength"", ""intensity"": ""High"", ""goals"": [""Strength""]}"
483,Goblet Squat - Double KB,Exercise,"{""primary_muscles"": [""Quadriceps"", ""Glutes""], ""equipment"": ""Barbell"", ""exercise_type"": ""Strength"", ""intensity"": ""High"", ""goals"": [""Strength""]}"
484,Goblet Squat - Weighted,Exercise,"{""primary_muscles"": [""Quadriceps"", ""Glutes""], ""equipment"": ""Barbell"", ""exercise_type"": ""Strength"", ""intensity"": ""High"", ""goals"": [""Strength""]}"
485,Goblet Squat - Bodyweight,Exercise,"{""primary_muscles"": [""Quadriceps"", ""Glutes""], ""equipment"": ""Barbell"", ""exercise_type"": ""Strength"", ""intensity"": ""High"", ""goals"": [""Strength""]}"
486,Goblet Squat - Assisted,Exercise,"{""primary_muscles"": [""Quadriceps"", ""Glutes""], ""equipment"": ""Barbell"", ""exercise_type"": ""Strength"", ""intensity"": ""High"", ""goals"": [""Strength""]}"
487,Goblet Squat - Pause Rep,Exercise,"{""primary_muscles"": [""Quadriceps"", ""Glutes""], ""equipment"": ""Barbell"", ""exercise_type"": ""Strength"", ""intensity"": ""High"", ""goals"": [""Strength""]}"
488,Goblet Squat - Slow Eccentric,Exercise,"{""primary_muscles"": [""Quadriceps"", ""Glutes""], ""equipment"": ""Barbell"", ""exercise_type"": ""Strength"", ""intensity"": ""High"", ""goals"": [""Strength""]}"
489,Goblet Squat - Tempo 3-1-3,Exercise,"{""primary_muscles"": [""Quadriceps"", ""Glutes""], ""equipment"": ""Barbell"", ""exercise_type"": ""Strength"", ""intensity"": ""High"", ""goals"": [""Strength""]}"
490,Banded Pull-Apart,Exercise,"{""primary_muscles"": [""Lats"", ""Upper Back""], ""equipment"": ""Resistance Band"", ""exercise_type"": ""Strength"", ""intensity"": ""Moderate"", ""goals"": [""Strength""]}"
491,Scapular Retraction Drill,Exercise,"{""primary_muscles"": [""Core""], ""equipment"": ""None"", ""exercise_type"": ""Strength"", ""intensity"": ""Moderate"", ""goals"": [""Strength""]}"
492,Heel Touches,Exercise,"{""primary_muscles"": [""Core""], ""equipment"": ""None"", ""exercise_type"": ""Strength"", ""intensity"": ""Moderate"", ""goals"": [""Strength""]}"
493,Toe Touches,Exercise,"{""primary_muscles"": [""Core""], ""equipment"": ""None"", ""exercise_type"": ""Strength"", ""intensity"": ""Moderate"", ""goals"": [""Strength""]}"
494,Glute Medius Raise,Exercise,"{""primary_muscles"": [""Quadriceps"", ""Glutes""], ""equipment"": ""None"", ""exercise_type"": ""Strength"", ""intensity"": ""Moderate"", ""goals"": [""Strength""]}"
495,Copenhagen Adduction,Exercise,"{""primary_muscles"": [""Core""], ""equipment"": ""None"", ""exercise_type"": ""Strength"", ""intensity"": ""Moderate"", ""goals"": [""Strength""]}"
496,Pallof Press Single Arm,Exercise,"{""primary_muscles"": [""Quadriceps"", ""Glutes""], ""equipment"": ""Barbell"", ""exercise_type"": ""Strength"", ""intensity"": ""Moderate"", ""goals"": [""Strength"", ""Mobility""]}"
497,Stability Ball Rollout,Exercise,"{""primary_muscles"": [""Core""], ""equipment"": ""None"", ""exercise_type"": ""Stability"", ""intensity"": ""Moderate"", ""goals"": [""Mobility""]}"
498,Suitcase Carry,Exercise,"{""primary_muscles"": [""Core""], ""equipment"": ""None"", ""exercise_type"": ""Mobility"", ""intensity"": ""Moderate"", ""goals"": [""Strength""]}"
499,Farmer Carry Core,Exercise,"{""primary_muscles"": [""Core""], ""equipment"": ""None"", ""exercise_type"": ""Mobility"", ""intensity"": ""Moderate"", ""goals"": [""Strength""]}"
500,Incline Dumbbell Fly,Exercise,"{""primary_muscles"": [""Chest""], ""equipment"": ""Dumbbell"", ""exercise_type"": ""Strength"", ""intensity"": ""Moderate"", ""goals"": [""Hypertrophy""]}"
501,Decline Dumbbell Fly,Exercise,"{""primary_muscles"": [""Chest""], ""equipment"": ""Dumbbell"", ""exercise_type"": ""Strength"", ""intensity"": ""Moderate"", ""goals"": [""Hypertrophy""]}"
502,Single Leg Press,Exercise,"{""primary_muscles"": [""Quadriceps"", ""Glutes""], ""equipment"": ""Barbell"", ""exercise_type"": ""Strength"", ""intensity"": ""Moderate"", ""goals"": [""Strength""]}"
503,Reverse Hypers,Exercise,"{""primary_muscles"": [""Core""], ""equipment"": ""None"", ""exercise_type"": ""Strength"", ""intensity"": ""Moderate"", ""goals"": [""Strength""]}"
504,Nordic Hamstring Curl,Exercise,"{""primary_muscles"": [""Biceps""], ""equipment"": ""None"", ""exercise_type"": ""Strength"", ""intensity"": ""Moderate"", ""goals"": [""Hypertrophy""]}"
505,Isometric Hold - Squat,Exercise,"{""primary_muscles"": [""Quadriceps"", ""Glutes""], ""equipment"": ""Barbell"", ""exercise_type"": ""Strength"", ""intensity"": ""High"", ""goals"": [""Strength""]}"
506,Isometric Hold - Lunge,Exercise,"{""primary_muscles"": [""Quadriceps"", ""Glutes""], ""equipment"": ""None"", ""exercise_type"": ""Strength"", ""intensity"": ""Moderate"", ""goals"": [""Strength""]}"
507,Isometric Hold - Plank,Exercise,"{""primary_muscles"": [""Core""], ""equipment"": ""None"", ""exercise_type"": ""Stability"", ""intensity"": ""Low"", ""goals"": [""Mobility""]}"
508,Weighted Sit-Up,Exercise,"{""primary_muscles"": [""Core""], ""equipment"": ""None"", ""exercise_type"": ""Stability"", ""intensity"": ""Moderate"", ""goals"": [""Strength""]}"
509,Medicine Ball Slam,Exercise,"{""primary_muscles"": [""Core""], ""equipment"": ""None"", ""exercise_type"": ""Strength"", ""intensity"": ""Moderate"", ""goals"": [""Strength""]}"
